Equation, Degree, Coefficients, Number of points, Epsilon, Connected components
324*u**2 + 144*u*v - 72*u + 16*v**2 - 16*v + 4,2,572.0,250,0.15,1
324*u**2 + 144*u*v - 72*u + 16*v**2 - 16*v + 4,2,572.0,500,0.3,1
324*u**2 + 144*u*v - 72*u + 16*v**2 - 16*v + 4,2,572.0,500,0.25,1
324*u**2 + 144*u*v - 72*u + 16*v**2 - 16*v + 4,2,572.0,500,0.2,1
324*u**2 + 144*u*v - 72*u + 16*v**2 - 16*v + 4,2,572.0,500,0.15,1
324*u**2 + 144*u*v - 72*u + 16*v**2 - 16*v + 4,2,572.0,750,0.2,1
324*u**2 + 144*u*v - 72*u + 16*v**2 - 16*v + 4,2,572.0,750,0.1,1
-46*u - 15*v + 39*w - 3,1,100.0,250,0.3,16
-46*u - 15*v + 39*w - 3,1,100.0,250,0.25,15
-46*u - 15*v + 39*w - 3,1,100.0,250,0.2,24
-46*u - 15*v + 39*w - 3,1,100.0,250,0.15,21
-46*u - 15*v + 39*w - 3,1,100.0,250,0.1,42
-46*u - 15*v + 39*w - 3,1,100.0,500,0.3,27
-46*u - 15*v + 39*w - 3,1,100.0,500,0.25,21
-46*u - 15*v + 39*w - 3,1,100.0,500,0.2,27
-46*u - 15*v + 39*w - 3,1,100.0,500,0.15,43
-46*u - 15*v + 39*w - 3,1,100.0,500,0.1,49
-46*u - 15*v + 39*w - 3,1,100.0,750,0.3,34
-46*u - 15*v + 39*w - 3,1,100.0,750,0.25,24
-46*u - 15*v + 39*w - 3,1,100.0,750,0.2,49
-46*u - 15*v + 39*w - 3,1,100.0,750,0.15,55
-46*u - 15*v + 39*w - 3,1,100.0,750,0.1,48
-46*u - 15*v + 39*w - 3,1,100.0,1000,0.3,33
-46*u - 15*v + 39*w - 3,1,100.0,1000,0.25,42
-46*u - 15*v + 39*w - 3,1,100.0,1000,0.2,52
-46*u - 15*v + 39*w - 3,1,100.0,1000,0.15,54
-46*u - 15*v + 39*w - 3,1,100.0,1000,0.1,74
42*u - 9*v - 34*w**3 + 2,3,85.0,250,0.3,65
42*u - 9*v - 34*w**3 + 2,3,85.0,250,0.25,82
42*u - 9*v - 34*w**3 + 2,3,85.0,250,0.2,77
42*u - 9*v - 34*w**3 + 2,3,85.0,500,0.25,106
42*u - 9*v - 34*w**3 + 2,3,85.0,500,0.15,143
42*u - 9*v - 34*w**3 + 2,3,85.0,500,0.1,201
42*u - 9*v - 34*w**3 + 2,3,85.0,750,0.2,177
42*u - 9*v - 34*w**3 + 2,3,85.0,1000,0.1,345
729*u**6 - 1674*u**3*v**2 - 162*u**3*w**2 - 270*u**3 + 961*v**4 + 186*v**2*w**2 + 310*v**2 + 9*w**4 + 30*w**2 + 25,6,4331.0,250,0.3,1
729*u**6 - 1674*u**3*v**2 - 162*u**3*w**2 - 270*u**3 + 961*v**4 + 186*v**2*w**2 + 310*v**2 + 9*w**4 + 30*w**2 + 25,6,4331.0,250,0.25,1
729*u**6 - 1674*u**3*v**2 - 162*u**3*w**2 - 270*u**3 + 961*v**4 + 186*v**2*w**2 + 310*v**2 + 9*w**4 + 30*w**2 + 25,6,4331.0,250,0.2,1
729*u**6 - 1674*u**3*v**2 - 162*u**3*w**2 - 270*u**3 + 961*v**4 + 186*v**2*w**2 + 310*v**2 + 9*w**4 + 30*w**2 + 25,6,4331.0,250,0.15,1
729*u**6 - 1674*u**3*v**2 - 162*u**3*w**2 - 270*u**3 + 961*v**4 + 186*v**2*w**2 + 310*v**2 + 9*w**4 + 30*w**2 + 25,6,4331.0,250,0.1,1
729*u**6 - 1674*u**3*v**2 - 162*u**3*w**2 - 270*u**3 + 961*v**4 + 186*v**2*w**2 + 310*v**2 + 9*w**4 + 30*w**2 + 25,6,4331.0,500,0.15,2
729*u**6 - 1674*u**3*v**2 - 162*u**3*w**2 - 270*u**3 + 961*v**4 + 186*v**2*w**2 + 310*v**2 + 9*w**4 + 30*w**2 + 25,6,4331.0,500,0.1,2
729*u**6 - 1674*u**3*v**2 - 162*u**3*w**2 - 270*u**3 + 961*v**4 + 186*v**2*w**2 + 310*v**2 + 9*w**4 + 30*w**2 + 25,6,4331.0,750,0.2,1
729*u**6 - 1674*u**3*v**2 - 162*u**3*w**2 - 270*u**3 + 961*v**4 + 186*v**2*w**2 + 310*v**2 + 9*w**4 + 30*w**2 + 25,6,4331.0,750,0.15,1
729*u**6 - 1674*u**3*v**2 - 162*u**3*w**2 - 270*u**3 + 961*v**4 + 186*v**2*w**2 + 310*v**2 + 9*w**4 + 30*w**2 + 25,6,4331.0,1000,0.3,5
729*u**6 - 1674*u**3*v**2 - 162*u**3*w**2 - 270*u**3 + 961*v**4 + 186*v**2*w**2 + 310*v**2 + 9*w**4 + 30*w**2 + 25,6,4331.0,1000,0.25,1
729*u**6 - 1674*u**3*v**2 - 162*u**3*w**2 - 270*u**3 + 961*v**4 + 186*v**2*w**2 + 310*v**2 + 9*w**4 + 30*w**2 + 25,6,4331.0,1000,0.2,1
-46*u**2 + 7*v**3 + 10*w + 1,3,63.0,250,0.3,73
-46*u**2 + 7*v**3 + 10*w + 1,3,63.0,250,0.25,67
-46*u**2 + 7*v**3 + 10*w + 1,3,63.0,250,0.2,81
-46*u**2 + 7*v**3 + 10*w + 1,3,63.0,250,0.15,89
-46*u**2 + 7*v**3 + 10*w + 1,3,63.0,250,0.1,98
-46*u**2 + 7*v**3 + 10*w + 1,3,63.0,500,0.3,123
-46*u**2 + 7*v**3 + 10*w + 1,3,63.0,500,0.25,130
-46*u**2 + 7*v**3 + 10*w + 1,3,63.0,500,0.15,147
-46*u**2 + 7*v**3 + 10*w + 1,3,63.0,500,0.1,173
-46*u**2 + 7*v**3 + 10*w + 1,3,63.0,750,0.3,168
-46*u**2 + 7*v**3 + 10*w + 1,3,63.0,750,0.25,171
-46*u**2 + 7*v**3 + 10*w + 1,3,63.0,750,0.2,202
-46*u**2 + 7*v**3 + 10*w + 1,3,63.0,750,0.15,201
-46*u**2 + 7*v**3 + 10*w + 1,3,63.0,750,0.1,252
-46*u**2 + 7*v**3 + 10*w + 1,3,63.0,1000,0.3,230
-46*u**2 + 7*v**3 + 10*w + 1,3,63.0,1000,0.25,256
-46*u**2 + 7*v**3 + 10*w + 1,3,63.0,1000,0.2,245
-46*u**2 + 7*v**3 + 10*w + 1,3,63.0,1000,0.1,318
2025*u**4 - 3690*u**2*v**4 - 3960*u**2*w + 90*u**2 + 1681*v**8 + 3608*v**4*w - 82*v**4 + 1936*w**2 - 88*w + 1,8,17160.0,250,0.3,3
2025*u**4 - 3690*u**2*v**4 - 3960*u**2*w + 90*u**2 + 1681*v**8 + 3608*v**4*w - 82*v**4 + 1936*w**2 - 88*w + 1,8,17160.0,250,0.25,2
2025*u**4 - 3690*u**2*v**4 - 3960*u**2*w + 90*u**2 + 1681*v**8 + 3608*v**4*w - 82*v**4 + 1936*w**2 - 88*w + 1,8,17160.0,250,0.2,2
2025*u**4 - 3690*u**2*v**4 - 3960*u**2*w + 90*u**2 + 1681*v**8 + 3608*v**4*w - 82*v**4 + 1936*w**2 - 88*w + 1,8,17160.0,250,0.15,1
2025*u**4 - 3690*u**2*v**4 - 3960*u**2*w + 90*u**2 + 1681*v**8 + 3608*v**4*w - 82*v**4 + 1936*w**2 - 88*w + 1,8,17160.0,250,0.1,2
2025*u**4 - 3690*u**2*v**4 - 3960*u**2*w + 90*u**2 + 1681*v**8 + 3608*v**4*w - 82*v**4 + 1936*w**2 - 88*w + 1,8,17160.0,500,0.2,7
2025*u**4 - 3690*u**2*v**4 - 3960*u**2*w + 90*u**2 + 1681*v**8 + 3608*v**4*w - 82*v**4 + 1936*w**2 - 88*w + 1,8,17160.0,500,0.1,3
2025*u**4 - 3690*u**2*v**4 - 3960*u**2*w + 90*u**2 + 1681*v**8 + 3608*v**4*w - 82*v**4 + 1936*w**2 - 88*w + 1,8,17160.0,750,0.25,2
2025*u**4 - 3690*u**2*v**4 - 3960*u**2*w + 90*u**2 + 1681*v**8 + 3608*v**4*w - 82*v**4 + 1936*w**2 - 88*w + 1,8,17160.0,750,0.1,7
2025*u**4 - 3690*u**2*v**4 - 3960*u**2*w + 90*u**2 + 1681*v**8 + 3608*v**4*w - 82*v**4 + 1936*w**2 - 88*w + 1,8,17160.0,1000,0.3,9
2025*u**4 - 3690*u**2*v**4 - 3960*u**2*w + 90*u**2 + 1681*v**8 + 3608*v**4*w - 82*v**4 + 1936*w**2 - 88*w + 1,8,17160.0,1000,0.25,11
2025*u**4 - 3690*u**2*v**4 - 3960*u**2*w + 90*u**2 + 1681*v**8 + 3608*v**4*w - 82*v**4 + 1936*w**2 - 88*w + 1,8,17160.0,1000,0.15,5
2025*u**4 - 3690*u**2*v**4 - 3960*u**2*w + 90*u**2 + 1681*v**8 + 3608*v**4*w - 82*v**4 + 1936*w**2 - 88*w + 1,8,17160.0,1000,0.1,8
8*u**4 - 38*v - 28*w**2 - 2,4,74.0,250,0.3,135
8*u**4 - 38*v - 28*w**2 - 2,4,74.0,250,0.1,160
8*u**4 - 38*v - 28*w**2 - 2,4,74.0,500,0.3,249
400*u**4 + 1200*u**2*v**3 + 1120*u**2*w**4 - 160*u**2 + 900*v**6 + 1680*v**3*w**4 - 240*v**3 + 784*w**8 - 224*w**4 + 16,8,6708.0,250,0.3,1
400*u**4 + 1200*u**2*v**3 + 1120*u**2*w**4 - 160*u**2 + 900*v**6 + 1680*v**3*w**4 - 240*v**3 + 784*w**8 - 224*w**4 + 16,8,6708.0,250,0.2,2
400*u**4 + 1200*u**2*v**3 + 1120*u**2*w**4 - 160*u**2 + 900*v**6 + 1680*v**3*w**4 - 240*v**3 + 784*w**8 - 224*w**4 + 16,8,6708.0,250,0.15,1
400*u**4 + 1200*u**2*v**3 + 1120*u**2*w**4 - 160*u**2 + 900*v**6 + 1680*v**3*w**4 - 240*v**3 + 784*w**8 - 224*w**4 + 16,8,6708.0,250,0.1,2
400*u**4 + 1200*u**2*v**3 + 1120*u**2*w**4 - 160*u**2 + 900*v**6 + 1680*v**3*w**4 - 240*v**3 + 784*w**8 - 224*w**4 + 16,8,6708.0,500,0.3,5
400*u**4 + 1200*u**2*v**3 + 1120*u**2*w**4 - 160*u**2 + 900*v**6 + 1680*v**3*w**4 - 240*v**3 + 784*w**8 - 224*w**4 + 16,8,6708.0,500,0.2,6
400*u**4 + 1200*u**2*v**3 + 1120*u**2*w**4 - 160*u**2 + 900*v**6 + 1680*v**3*w**4 - 240*v**3 + 784*w**8 - 224*w**4 + 16,8,6708.0,500,0.1,5
400*u**4 + 1200*u**2*v**3 + 1120*u**2*w**4 - 160*u**2 + 900*v**6 + 1680*v**3*w**4 - 240*v**3 + 784*w**8 - 224*w**4 + 16,8,6708.0,1000,0.3,3
400*u**4 + 1200*u**2*v**3 + 1120*u**2*w**4 - 160*u**2 + 900*v**6 + 1680*v**3*w**4 - 240*v**3 + 784*w**8 - 224*w**4 + 16,8,6708.0,1000,0.15,2
324*u**6 - 612*u**3*v**2 - 36*u**3*w + 180*u**3 + 289*v**4 + 34*v**2*w - 170*v**2 + w**2 - 10*w + 25,6,1656.0,250,0.3,1
324*u**6 - 612*u**3*v**2 - 36*u**3*w + 180*u**3 + 289*v**4 + 34*v**2*w - 170*v**2 + w**2 - 10*w + 25,6,1656.0,250,0.25,1
324*u**6 - 612*u**3*v**2 - 36*u**3*w + 180*u**3 + 289*v**4 + 34*v**2*w - 170*v**2 + w**2 - 10*w + 25,6,1656.0,250,0.2,1
324*u**6 - 612*u**3*v**2 - 36*u**3*w + 180*u**3 + 289*v**4 + 34*v**2*w - 170*v**2 + w**2 - 10*w + 25,6,1656.0,250,0.15,1
324*u**6 - 612*u**3*v**2 - 36*u**3*w + 180*u**3 + 289*v**4 + 34*v**2*w - 170*v**2 + w**2 - 10*w + 25,6,1656.0,250,0.1,4
324*u**6 - 612*u**3*v**2 - 36*u**3*w + 180*u**3 + 289*v**4 + 34*v**2*w - 170*v**2 + w**2 - 10*w + 25,6,1656.0,500,0.3,2
324*u**6 - 612*u**3*v**2 - 36*u**3*w + 180*u**3 + 289*v**4 + 34*v**2*w - 170*v**2 + w**2 - 10*w + 25,6,1656.0,500,0.2,1
324*u**6 - 612*u**3*v**2 - 36*u**3*w + 180*u**3 + 289*v**4 + 34*v**2*w - 170*v**2 + w**2 - 10*w + 25,6,1656.0,750,0.3,2
324*u**6 - 612*u**3*v**2 - 36*u**3*w + 180*u**3 + 289*v**4 + 34*v**2*w - 170*v**2 + w**2 - 10*w + 25,6,1656.0,750,0.25,3
324*u**6 - 612*u**3*v**2 - 36*u**3*w + 180*u**3 + 289*v**4 + 34*v**2*w - 170*v**2 + w**2 - 10*w + 25,6,1656.0,750,0.15,3
324*u**6 - 612*u**3*v**2 - 36*u**3*w + 180*u**3 + 289*v**4 + 34*v**2*w - 170*v**2 + w**2 - 10*w + 25,6,1656.0,750,0.1,1
324*u**6 - 612*u**3*v**2 - 36*u**3*w + 180*u**3 + 289*v**4 + 34*v**2*w - 170*v**2 + w**2 - 10*w + 25,6,1656.0,1000,0.3,3
324*u**6 - 612*u**3*v**2 - 36*u**3*w + 180*u**3 + 289*v**4 + 34*v**2*w - 170*v**2 + w**2 - 10*w + 25,6,1656.0,1000,0.2,3
324*u**6 - 612*u**3*v**2 - 36*u**3*w + 180*u**3 + 289*v**4 + 34*v**2*w - 170*v**2 + w**2 - 10*w + 25,6,1656.0,1000,0.1,3
1600*u**6 + 2480*u**3*v**2 + 1040*u**3*w - 160*u**3 + 961*v**4 + 806*v**2*w - 124*v**2 + 169*w**2 - 52*w + 4,6,7392.0,250,0.3,1
1600*u**6 + 2480*u**3*v**2 + 1040*u**3*w - 160*u**3 + 961*v**4 + 806*v**2*w - 124*v**2 + 169*w**2 - 52*w + 4,6,7392.0,250,0.25,1
1600*u**6 + 2480*u**3*v**2 + 1040*u**3*w - 160*u**3 + 961*v**4 + 806*v**2*w - 124*v**2 + 169*w**2 - 52*w + 4,6,7392.0,250,0.2,1
1600*u**6 + 2480*u**3*v**2 + 1040*u**3*w - 160*u**3 + 961*v**4 + 806*v**2*w - 124*v**2 + 169*w**2 - 52*w + 4,6,7392.0,250,0.1,1
1600*u**6 + 2480*u**3*v**2 + 1040*u**3*w - 160*u**3 + 961*v**4 + 806*v**2*w - 124*v**2 + 169*w**2 - 52*w + 4,6,7392.0,500,0.25,3
1600*u**6 + 2480*u**3*v**2 + 1040*u**3*w - 160*u**3 + 961*v**4 + 806*v**2*w - 124*v**2 + 169*w**2 - 52*w + 4,6,7392.0,500,0.15,2
1600*u**6 + 2480*u**3*v**2 + 1040*u**3*w - 160*u**3 + 961*v**4 + 806*v**2*w - 124*v**2 + 169*w**2 - 52*w + 4,6,7392.0,500,0.1,3
1600*u**6 + 2480*u**3*v**2 + 1040*u**3*w - 160*u**3 + 961*v**4 + 806*v**2*w - 124*v**2 + 169*w**2 - 52*w + 4,6,7392.0,750,0.25,5
1600*u**6 + 2480*u**3*v**2 + 1040*u**3*w - 160*u**3 + 961*v**4 + 806*v**2*w - 124*v**2 + 169*w**2 - 52*w + 4,6,7392.0,750,0.15,2
1600*u**6 + 2480*u**3*v**2 + 1040*u**3*w - 160*u**3 + 961*v**4 + 806*v**2*w - 124*v**2 + 169*w**2 - 52*w + 4,6,7392.0,750,0.1,4
1600*u**6 + 2480*u**3*v**2 + 1040*u**3*w - 160*u**3 + 961*v**4 + 806*v**2*w - 124*v**2 + 169*w**2 - 52*w + 4,6,7392.0,1000,0.1,3
-25*u**4 - 6*v + 44*w**4 + 40*x + 3,4,115.0,250,0.25,114
-25*u**4 - 6*v + 44*w**4 + 40*x + 3,4,115.0,250,0.1,152
36*u**2 - 38*v - 1,2,74.0,500,0.25,26
34*u**4 - 9*v**3 - 28*w**2 - 14*x**2 + 1,4,85.0,250,0.2,115
-23*u**3 - 43*v**4 - 4*w**3 + 14*x**4 - 5,4,84.0,250,0.3,129
-23*u**3 - 43*v**4 - 4*w**3 + 14*x**4 - 5,4,84.0,250,0.25,148
-23*u**3 - 43*v**4 - 4*w**3 + 14*x**4 - 5,4,84.0,250,0.2,162
-23*u**3 - 43*v**4 - 4*w**3 + 14*x**4 - 5,4,84.0,250,0.15,221
-23*u**3 - 43*v**4 - 4*w**3 + 14*x**4 - 5,4,84.0,500,0.2,282
-23*u**3 - 43*v**4 - 4*w**3 + 14*x**4 - 5,4,84.0,750,0.3,274
-23*u**3 - 43*v**4 - 4*w**3 + 14*x**4 - 5,4,84.0,750,0.25,318
-23*u**3 - 43*v**4 - 4*w**3 + 14*x**4 - 5,4,84.0,750,0.2,389
-23*u**3 - 43*v**4 - 4*w**3 + 14*x**4 - 5,4,84.0,1000,0.3,355
-23*u**3 - 43*v**4 - 4*w**3 + 14*x**4 - 5,4,84.0,1000,0.1,813
43*u**3 + v**4 + 17*w + 5,4,61.0,250,0.3,98
43*u**3 + v**4 + 17*w + 5,4,61.0,250,0.25,107
3*u**2 + 6*v**2 - 2,2,9.0,250,0.3,1
3*u**2 + 6*v**2 - 2,2,9.0,250,0.25,1
3*u**2 + 6*v**2 - 2,2,9.0,250,0.2,1
3*u**2 + 6*v**2 - 2,2,9.0,250,0.15,1
3*u**2 + 6*v**2 - 2,2,9.0,250,0.1,1
3*u**2 + 6*v**2 - 2,2,9.0,500,0.3,1
3*u**2 + 6*v**2 - 2,2,9.0,500,0.25,1
3*u**2 + 6*v**2 - 2,2,9.0,500,0.2,1
3*u**2 + 6*v**2 - 2,2,9.0,500,0.15,1
3*u**2 + 6*v**2 - 2,2,9.0,500,0.1,1
3*u**2 + 6*v**2 - 2,2,9.0,750,0.3,1
3*u**2 + 6*v**2 - 2,2,9.0,750,0.25,1
3*u**2 + 6*v**2 - 2,2,9.0,750,0.2,1
3*u**2 + 6*v**2 - 2,2,9.0,750,0.15,1
3*u**2 + 6*v**2 - 2,2,9.0,750,0.1,1
3*u**2 + 6*v**2 - 2,2,9.0,1000,0.3,1
3*u**2 + 6*v**2 - 2,2,9.0,1000,0.25,1
3*u**2 + 6*v**2 - 2,2,9.0,1000,0.2,1
3*u**2 + 6*v**2 - 2,2,9.0,1000,0.15,1
3*u**2 + 6*v**2 - 2,2,9.0,1000,0.1,1
17*u**2 - 31*v**4 - 5*w**4 - 37*x - 4,4,90.0,250,0.3,124
1024*u**6 - 2304*u**3*v**3 + 128*u**3 + 1296*v**6 - 144*v**3 + 4,6,4896.0,250,0.3,1
1024*u**6 - 2304*u**3*v**3 + 128*u**3 + 1296*v**6 - 144*v**3 + 4,6,4896.0,250,0.25,1
1024*u**6 - 2304*u**3*v**3 + 128*u**3 + 1296*v**6 - 144*v**3 + 4,6,4896.0,250,0.2,1
1024*u**6 - 2304*u**3*v**3 + 128*u**3 + 1296*v**6 - 144*v**3 + 4,6,4896.0,250,0.15,1
1024*u**6 - 2304*u**3*v**3 + 128*u**3 + 1296*v**6 - 144*v**3 + 4,6,4896.0,250,0.1,1
1024*u**6 - 2304*u**3*v**3 + 128*u**3 + 1296*v**6 - 144*v**3 + 4,6,4896.0,500,0.25,1
1024*u**6 - 2304*u**3*v**3 + 128*u**3 + 1296*v**6 - 144*v**3 + 4,6,4896.0,500,0.2,1
1024*u**6 - 2304*u**3*v**3 + 128*u**3 + 1296*v**6 - 144*v**3 + 4,6,4896.0,500,0.1,1
1024*u**6 - 2304*u**3*v**3 + 128*u**3 + 1296*v**6 - 144*v**3 + 4,6,4896.0,750,0.25,1
1024*u**6 - 2304*u**3*v**3 + 128*u**3 + 1296*v**6 - 144*v**3 + 4,6,4896.0,750,0.2,1
1024*u**6 - 2304*u**3*v**3 + 128*u**3 + 1296*v**6 - 144*v**3 + 4,6,4896.0,750,0.15,1
1024*u**6 - 2304*u**3*v**3 + 128*u**3 + 1296*v**6 - 144*v**3 + 4,6,4896.0,1000,0.3,1
1024*u**6 - 2304*u**3*v**3 + 128*u**3 + 1296*v**6 - 144*v**3 + 4,6,4896.0,1000,0.15,2
1024*u**6 - 2304*u**3*v**3 + 128*u**3 + 1296*v**6 - 144*v**3 + 4,6,4896.0,1000,0.1,1
729*u**6 + 216*u**3*v**4 + 108*u**3 + 16*v**8 + 16*v**4 + 4,8,1085.0,250,0.3,1
729*u**6 + 216*u**3*v**4 + 108*u**3 + 16*v**8 + 16*v**4 + 4,8,1085.0,250,0.2,3
729*u**6 + 216*u**3*v**4 + 108*u**3 + 16*v**8 + 16*v**4 + 4,8,1085.0,250,0.15,4
729*u**6 + 216*u**3*v**4 + 108*u**3 + 16*v**8 + 16*v**4 + 4,8,1085.0,250,0.1,2
729*u**6 + 216*u**3*v**4 + 108*u**3 + 16*v**8 + 16*v**4 + 4,8,1085.0,500,0.25,1
729*u**6 + 216*u**3*v**4 + 108*u**3 + 16*v**8 + 16*v**4 + 4,8,1085.0,500,0.2,3
729*u**6 + 216*u**3*v**4 + 108*u**3 + 16*v**8 + 16*v**4 + 4,8,1085.0,500,0.15,4
729*u**6 + 216*u**3*v**4 + 108*u**3 + 16*v**8 + 16*v**4 + 4,8,1085.0,500,0.1,2
729*u**6 + 216*u**3*v**4 + 108*u**3 + 16*v**8 + 16*v**4 + 4,8,1085.0,750,0.25,2
729*u**6 + 216*u**3*v**4 + 108*u**3 + 16*v**8 + 16*v**4 + 4,8,1085.0,750,0.2,3
729*u**6 + 216*u**3*v**4 + 108*u**3 + 16*v**8 + 16*v**4 + 4,8,1085.0,750,0.1,1
729*u**6 + 216*u**3*v**4 + 108*u**3 + 16*v**8 + 16*v**4 + 4,8,1085.0,1000,0.3,2
729*u**6 + 216*u**3*v**4 + 108*u**3 + 16*v**8 + 16*v**4 + 4,8,1085.0,1000,0.25,6
729*u**6 + 216*u**3*v**4 + 108*u**3 + 16*v**8 + 16*v**4 + 4,8,1085.0,1000,0.2,1
729*u**6 + 216*u**3*v**4 + 108*u**3 + 16*v**8 + 16*v**4 + 4,8,1085.0,1000,0.15,2
729*u**6 + 216*u**3*v**4 + 108*u**3 + 16*v**8 + 16*v**4 + 4,8,1085.0,1000,0.1,3
1296*u**4 + 1584*u**2*v**4 - 360*u**2 + 484*v**8 - 220*v**4 + 25,8,3944.0,250,0.25,1
1296*u**4 + 1584*u**2*v**4 - 360*u**2 + 484*v**8 - 220*v**4 + 25,8,3944.0,250,0.15,1
1296*u**4 + 1584*u**2*v**4 - 360*u**2 + 484*v**8 - 220*v**4 + 25,8,3944.0,250,0.1,1
1296*u**4 + 1584*u**2*v**4 - 360*u**2 + 484*v**8 - 220*v**4 + 25,8,3944.0,500,0.25,2
1296*u**4 + 1584*u**2*v**4 - 360*u**2 + 484*v**8 - 220*v**4 + 25,8,3944.0,500,0.15,1
1296*u**4 + 1584*u**2*v**4 - 360*u**2 + 484*v**8 - 220*v**4 + 25,8,3944.0,500,0.1,1
u**4 - 40*u**2*v + 50*u**2*w**2 - 6*u**2 + 400*v**2 - 1000*v*w**2 + 120*v + 625*w**4 - 150*w**2 + 9,4,2392.0,250,0.3,2
u**4 - 40*u**2*v + 50*u**2*w**2 - 6*u**2 + 400*v**2 - 1000*v*w**2 + 120*v + 625*w**4 - 150*w**2 + 9,4,2392.0,250,0.25,1
u**4 - 40*u**2*v + 50*u**2*w**2 - 6*u**2 + 400*v**2 - 1000*v*w**2 + 120*v + 625*w**4 - 150*w**2 + 9,4,2392.0,250,0.2,1
u**4 - 40*u**2*v + 50*u**2*w**2 - 6*u**2 + 400*v**2 - 1000*v*w**2 + 120*v + 625*w**4 - 150*w**2 + 9,4,2392.0,250,0.15,2
u**4 - 40*u**2*v + 50*u**2*w**2 - 6*u**2 + 400*v**2 - 1000*v*w**2 + 120*v + 625*w**4 - 150*w**2 + 9,4,2392.0,250,0.1,2
u**4 - 40*u**2*v + 50*u**2*w**2 - 6*u**2 + 400*v**2 - 1000*v*w**2 + 120*v + 625*w**4 - 150*w**2 + 9,4,2392.0,500,0.3,1
u**4 - 40*u**2*v + 50*u**2*w**2 - 6*u**2 + 400*v**2 - 1000*v*w**2 + 120*v + 625*w**4 - 150*w**2 + 9,4,2392.0,500,0.25,1
u**4 - 40*u**2*v + 50*u**2*w**2 - 6*u**2 + 400*v**2 - 1000*v*w**2 + 120*v + 625*w**4 - 150*w**2 + 9,4,2392.0,500,0.2,1
u**4 - 40*u**2*v + 50*u**2*w**2 - 6*u**2 + 400*v**2 - 1000*v*w**2 + 120*v + 625*w**4 - 150*w**2 + 9,4,2392.0,500,0.15,1
u**4 - 40*u**2*v + 50*u**2*w**2 - 6*u**2 + 400*v**2 - 1000*v*w**2 + 120*v + 625*w**4 - 150*w**2 + 9,4,2392.0,500,0.1,1
u**4 - 40*u**2*v + 50*u**2*w**2 - 6*u**2 + 400*v**2 - 1000*v*w**2 + 120*v + 625*w**4 - 150*w**2 + 9,4,2392.0,750,0.3,1
u**4 - 40*u**2*v + 50*u**2*w**2 - 6*u**2 + 400*v**2 - 1000*v*w**2 + 120*v + 625*w**4 - 150*w**2 + 9,4,2392.0,750,0.25,1
u**4 - 40*u**2*v + 50*u**2*w**2 - 6*u**2 + 400*v**2 - 1000*v*w**2 + 120*v + 625*w**4 - 150*w**2 + 9,4,2392.0,750,0.2,1
u**4 - 40*u**2*v + 50*u**2*w**2 - 6*u**2 + 400*v**2 - 1000*v*w**2 + 120*v + 625*w**4 - 150*w**2 + 9,4,2392.0,750,0.15,1
u**4 - 40*u**2*v + 50*u**2*w**2 - 6*u**2 + 400*v**2 - 1000*v*w**2 + 120*v + 625*w**4 - 150*w**2 + 9,4,2392.0,750,0.1,2
u**4 - 40*u**2*v + 50*u**2*w**2 - 6*u**2 + 400*v**2 - 1000*v*w**2 + 120*v + 625*w**4 - 150*w**2 + 9,4,2392.0,1000,0.25,1
u**4 - 40*u**2*v + 50*u**2*w**2 - 6*u**2 + 400*v**2 - 1000*v*w**2 + 120*v + 625*w**4 - 150*w**2 + 9,4,2392.0,1000,0.2,3
u**4 - 40*u**2*v + 50*u**2*w**2 - 6*u**2 + 400*v**2 - 1000*v*w**2 + 120*v + 625*w**4 - 150*w**2 + 9,4,2392.0,1000,0.1,2
-39*u - 8*v**2 + 22*w**4 + 3,4,69.0,500,0.25,195
-39*u - 8*v**2 + 22*w**4 + 3,4,69.0,1000,0.25,310
21*u**4 - 43*v**3 + 40*w + 3,4,104.0,250,0.25,86
576*u**6 - 96*u**3*v**4 + 144*u**3*w - 1536*u**3*x + 96*u**3 + 4*v**8 - 12*v**4*w + 128*v**4*x - 8*v**4 + 9*w**2 - 192*w*x + 12*w + 1024*x**2 - 128*x + 4,8,3965.0,250,0.3,5
576*u**6 - 96*u**3*v**4 + 144*u**3*w - 1536*u**3*x + 96*u**3 + 4*v**8 - 12*v**4*w + 128*v**4*x - 8*v**4 + 9*w**2 - 192*w*x + 12*w + 1024*x**2 - 128*x + 4,8,3965.0,250,0.2,3
576*u**6 - 96*u**3*v**4 + 144*u**3*w - 1536*u**3*x + 96*u**3 + 4*v**8 - 12*v**4*w + 128*v**4*x - 8*v**4 + 9*w**2 - 192*w*x + 12*w + 1024*x**2 - 128*x + 4,8,3965.0,250,0.1,2
576*u**6 - 96*u**3*v**4 + 144*u**3*w - 1536*u**3*x + 96*u**3 + 4*v**8 - 12*v**4*w + 128*v**4*x - 8*v**4 + 9*w**2 - 192*w*x + 12*w + 1024*x**2 - 128*x + 4,8,3965.0,500,0.25,3
576*u**6 - 96*u**3*v**4 + 144*u**3*w - 1536*u**3*x + 96*u**3 + 4*v**8 - 12*v**4*w + 128*v**4*x - 8*v**4 + 9*w**2 - 192*w*x + 12*w + 1024*x**2 - 128*x + 4,8,3965.0,500,0.2,5
576*u**6 - 96*u**3*v**4 + 144*u**3*w - 1536*u**3*x + 96*u**3 + 4*v**8 - 12*v**4*w + 128*v**4*x - 8*v**4 + 9*w**2 - 192*w*x + 12*w + 1024*x**2 - 128*x + 4,8,3965.0,750,0.3,2
576*u**6 - 96*u**3*v**4 + 144*u**3*w - 1536*u**3*x + 96*u**3 + 4*v**8 - 12*v**4*w + 128*v**4*x - 8*v**4 + 9*w**2 - 192*w*x + 12*w + 1024*x**2 - 128*x + 4,8,3965.0,750,0.25,4
576*u**6 - 96*u**3*v**4 + 144*u**3*w - 1536*u**3*x + 96*u**3 + 4*v**8 - 12*v**4*w + 128*v**4*x - 8*v**4 + 9*w**2 - 192*w*x + 12*w + 1024*x**2 - 128*x + 4,8,3965.0,750,0.2,5
576*u**6 - 96*u**3*v**4 + 144*u**3*w - 1536*u**3*x + 96*u**3 + 4*v**8 - 12*v**4*w + 128*v**4*x - 8*v**4 + 9*w**2 - 192*w*x + 12*w + 1024*x**2 - 128*x + 4,8,3965.0,750,0.15,5
576*u**6 - 96*u**3*v**4 + 144*u**3*w - 1536*u**3*x + 96*u**3 + 4*v**8 - 12*v**4*w + 128*v**4*x - 8*v**4 + 9*w**2 - 192*w*x + 12*w + 1024*x**2 - 128*x + 4,8,3965.0,1000,0.3,7
576*u**6 - 96*u**3*v**4 + 144*u**3*w - 1536*u**3*x + 96*u**3 + 4*v**8 - 12*v**4*w + 128*v**4*x - 8*v**4 + 9*w**2 - 192*w*x + 12*w + 1024*x**2 - 128*x + 4,8,3965.0,1000,0.25,6
900*u**4 - 2520*u**2*v**2 + 1020*u**2*w**2 - 60*u**2 + 1764*v**4 - 1428*v**2*w**2 + 84*v**2 + 289*w**4 - 34*w**2 + 1,4,8099.0,250,0.25,1
900*u**4 - 2520*u**2*v**2 + 1020*u**2*w**2 - 60*u**2 + 1764*v**4 - 1428*v**2*w**2 + 84*v**2 + 289*w**4 - 34*w**2 + 1,4,8099.0,250,0.15,1
900*u**4 - 2520*u**2*v**2 + 1020*u**2*w**2 - 60*u**2 + 1764*v**4 - 1428*v**2*w**2 + 84*v**2 + 289*w**4 - 34*w**2 + 1,4,8099.0,250,0.1,1
900*u**4 - 2520*u**2*v**2 + 1020*u**2*w**2 - 60*u**2 + 1764*v**4 - 1428*v**2*w**2 + 84*v**2 + 289*w**4 - 34*w**2 + 1,4,8099.0,500,0.3,1
900*u**4 - 2520*u**2*v**2 + 1020*u**2*w**2 - 60*u**2 + 1764*v**4 - 1428*v**2*w**2 + 84*v**2 + 289*w**4 - 34*w**2 + 1,4,8099.0,500,0.25,1
900*u**4 - 2520*u**2*v**2 + 1020*u**2*w**2 - 60*u**2 + 1764*v**4 - 1428*v**2*w**2 + 84*v**2 + 289*w**4 - 34*w**2 + 1,4,8099.0,500,0.2,2
900*u**4 - 2520*u**2*v**2 + 1020*u**2*w**2 - 60*u**2 + 1764*v**4 - 1428*v**2*w**2 + 84*v**2 + 289*w**4 - 34*w**2 + 1,4,8099.0,500,0.15,1
900*u**4 - 2520*u**2*v**2 + 1020*u**2*w**2 - 60*u**2 + 1764*v**4 - 1428*v**2*w**2 + 84*v**2 + 289*w**4 - 34*w**2 + 1,4,8099.0,750,0.2,1
900*u**4 - 2520*u**2*v**2 + 1020*u**2*w**2 - 60*u**2 + 1764*v**4 - 1428*v**2*w**2 + 84*v**2 + 289*w**4 - 34*w**2 + 1,4,8099.0,750,0.15,1
900*u**4 - 2520*u**2*v**2 + 1020*u**2*w**2 - 60*u**2 + 1764*v**4 - 1428*v**2*w**2 + 84*v**2 + 289*w**4 - 34*w**2 + 1,4,8099.0,750,0.1,1
900*u**4 - 2520*u**2*v**2 + 1020*u**2*w**2 - 60*u**2 + 1764*v**4 - 1428*v**2*w**2 + 84*v**2 + 289*w**4 - 34*w**2 + 1,4,8099.0,1000,0.3,1
900*u**4 - 2520*u**2*v**2 + 1020*u**2*w**2 - 60*u**2 + 1764*v**4 - 1428*v**2*w**2 + 84*v**2 + 289*w**4 - 34*w**2 + 1,4,8099.0,1000,0.15,1
36*u**8 + 96*u**4*v**2 + 120*u**4*w**4 + 204*u**4*x**2 - 48*u**4 + 64*v**4 + 160*v**2*w**4 + 272*v**2*x**2 - 64*v**2 + 100*w**8 + 340*w**4*x**2 - 80*w**4 + 289*x**4 - 136*x**2 + 16,8,2009.0,250,0.3,1
36*u**8 + 96*u**4*v**2 + 120*u**4*w**4 + 204*u**4*x**2 - 48*u**4 + 64*v**4 + 160*v**2*w**4 + 272*v**2*x**2 - 64*v**2 + 100*w**8 + 340*w**4*x**2 - 80*w**4 + 289*x**4 - 136*x**2 + 16,8,2009.0,250,0.25,1
36*u**8 + 96*u**4*v**2 + 120*u**4*w**4 + 204*u**4*x**2 - 48*u**4 + 64*v**4 + 160*v**2*w**4 + 272*v**2*x**2 - 64*v**2 + 100*w**8 + 340*w**4*x**2 - 80*w**4 + 289*x**4 - 136*x**2 + 16,8,2009.0,250,0.2,1
36*u**8 + 96*u**4*v**2 + 120*u**4*w**4 + 204*u**4*x**2 - 48*u**4 + 64*v**4 + 160*v**2*w**4 + 272*v**2*x**2 - 64*v**2 + 100*w**8 + 340*w**4*x**2 - 80*w**4 + 289*x**4 - 136*x**2 + 16,8,2009.0,250,0.15,1
36*u**8 + 96*u**4*v**2 + 120*u**4*w**4 + 204*u**4*x**2 - 48*u**4 + 64*v**4 + 160*v**2*w**4 + 272*v**2*x**2 - 64*v**2 + 100*w**8 + 340*w**4*x**2 - 80*w**4 + 289*x**4 - 136*x**2 + 16,8,2009.0,500,0.3,1
36*u**8 + 96*u**4*v**2 + 120*u**4*w**4 + 204*u**4*x**2 - 48*u**4 + 64*v**4 + 160*v**2*w**4 + 272*v**2*x**2 - 64*v**2 + 100*w**8 + 340*w**4*x**2 - 80*w**4 + 289*x**4 - 136*x**2 + 16,8,2009.0,500,0.25,1
36*u**8 + 96*u**4*v**2 + 120*u**4*w**4 + 204*u**4*x**2 - 48*u**4 + 64*v**4 + 160*v**2*w**4 + 272*v**2*x**2 - 64*v**2 + 100*w**8 + 340*w**4*x**2 - 80*w**4 + 289*x**4 - 136*x**2 + 16,8,2009.0,500,0.2,1
36*u**8 + 96*u**4*v**2 + 120*u**4*w**4 + 204*u**4*x**2 - 48*u**4 + 64*v**4 + 160*v**2*w**4 + 272*v**2*x**2 - 64*v**2 + 100*w**8 + 340*w**4*x**2 - 80*w**4 + 289*x**4 - 136*x**2 + 16,8,2009.0,500,0.15,1
36*u**8 + 96*u**4*v**2 + 120*u**4*w**4 + 204*u**4*x**2 - 48*u**4 + 64*v**4 + 160*v**2*w**4 + 272*v**2*x**2 - 64*v**2 + 100*w**8 + 340*w**4*x**2 - 80*w**4 + 289*x**4 - 136*x**2 + 16,8,2009.0,500,0.1,1
36*u**8 + 96*u**4*v**2 + 120*u**4*w**4 + 204*u**4*x**2 - 48*u**4 + 64*v**4 + 160*v**2*w**4 + 272*v**2*x**2 - 64*v**2 + 100*w**8 + 340*w**4*x**2 - 80*w**4 + 289*x**4 - 136*x**2 + 16,8,2009.0,750,0.3,1
36*u**8 + 96*u**4*v**2 + 120*u**4*w**4 + 204*u**4*x**2 - 48*u**4 + 64*v**4 + 160*v**2*w**4 + 272*v**2*x**2 - 64*v**2 + 100*w**8 + 340*w**4*x**2 - 80*w**4 + 289*x**4 - 136*x**2 + 16,8,2009.0,750,0.25,1
36*u**8 + 96*u**4*v**2 + 120*u**4*w**4 + 204*u**4*x**2 - 48*u**4 + 64*v**4 + 160*v**2*w**4 + 272*v**2*x**2 - 64*v**2 + 100*w**8 + 340*w**4*x**2 - 80*w**4 + 289*x**4 - 136*x**2 + 16,8,2009.0,750,0.2,2
36*u**8 + 96*u**4*v**2 + 120*u**4*w**4 + 204*u**4*x**2 - 48*u**4 + 64*v**4 + 160*v**2*w**4 + 272*v**2*x**2 - 64*v**2 + 100*w**8 + 340*w**4*x**2 - 80*w**4 + 289*x**4 - 136*x**2 + 16,8,2009.0,750,0.15,1
36*u**8 + 96*u**4*v**2 + 120*u**4*w**4 + 204*u**4*x**2 - 48*u**4 + 64*v**4 + 160*v**2*w**4 + 272*v**2*x**2 - 64*v**2 + 100*w**8 + 340*w**4*x**2 - 80*w**4 + 289*x**4 - 136*x**2 + 16,8,2009.0,750,0.1,2
36*u**8 + 96*u**4*v**2 + 120*u**4*w**4 + 204*u**4*x**2 - 48*u**4 + 64*v**4 + 160*v**2*w**4 + 272*v**2*x**2 - 64*v**2 + 100*w**8 + 340*w**4*x**2 - 80*w**4 + 289*x**4 - 136*x**2 + 16,8,2009.0,1000,0.3,1
36*u**8 + 96*u**4*v**2 + 120*u**4*w**4 + 204*u**4*x**2 - 48*u**4 + 64*v**4 + 160*v**2*w**4 + 272*v**2*x**2 - 64*v**2 + 100*w**8 + 340*w**4*x**2 - 80*w**4 + 289*x**4 - 136*x**2 + 16,8,2009.0,1000,0.25,1
36*u**8 + 96*u**4*v**2 + 120*u**4*w**4 + 204*u**4*x**2 - 48*u**4 + 64*v**4 + 160*v**2*w**4 + 272*v**2*x**2 - 64*v**2 + 100*w**8 + 340*w**4*x**2 - 80*w**4 + 289*x**4 - 136*x**2 + 16,8,2009.0,1000,0.15,2
36*u**8 + 96*u**4*v**2 + 120*u**4*w**4 + 204*u**4*x**2 - 48*u**4 + 64*v**4 + 160*v**2*w**4 + 272*v**2*x**2 - 64*v**2 + 100*w**8 + 340*w**4*x**2 - 80*w**4 + 289*x**4 - 136*x**2 + 16,8,2009.0,1000,0.1,2
625*u**8 + 1950*u**4*v**2 + 800*u**4*w**3 - 250*u**4 + 1521*v**4 + 1248*v**2*w**3 - 390*v**2 + 256*w**6 - 160*w**3 + 25,8,7200.0,250,0.3,1
625*u**8 + 1950*u**4*v**2 + 800*u**4*w**3 - 250*u**4 + 1521*v**4 + 1248*v**2*w**3 - 390*v**2 + 256*w**6 - 160*w**3 + 25,8,7200.0,250,0.25,1
625*u**8 + 1950*u**4*v**2 + 800*u**4*w**3 - 250*u**4 + 1521*v**4 + 1248*v**2*w**3 - 390*v**2 + 256*w**6 - 160*w**3 + 25,8,7200.0,250,0.2,3
625*u**8 + 1950*u**4*v**2 + 800*u**4*w**3 - 250*u**4 + 1521*v**4 + 1248*v**2*w**3 - 390*v**2 + 256*w**6 - 160*w**3 + 25,8,7200.0,250,0.15,3
625*u**8 + 1950*u**4*v**2 + 800*u**4*w**3 - 250*u**4 + 1521*v**4 + 1248*v**2*w**3 - 390*v**2 + 256*w**6 - 160*w**3 + 25,8,7200.0,500,0.3,1
625*u**8 + 1950*u**4*v**2 + 800*u**4*w**3 - 250*u**4 + 1521*v**4 + 1248*v**2*w**3 - 390*v**2 + 256*w**6 - 160*w**3 + 25,8,7200.0,500,0.2,4
625*u**8 + 1950*u**4*v**2 + 800*u**4*w**3 - 250*u**4 + 1521*v**4 + 1248*v**2*w**3 - 390*v**2 + 256*w**6 - 160*w**3 + 25,8,7200.0,500,0.15,4
625*u**8 + 1950*u**4*v**2 + 800*u**4*w**3 - 250*u**4 + 1521*v**4 + 1248*v**2*w**3 - 390*v**2 + 256*w**6 - 160*w**3 + 25,8,7200.0,500,0.1,7
625*u**8 + 1950*u**4*v**2 + 800*u**4*w**3 - 250*u**4 + 1521*v**4 + 1248*v**2*w**3 - 390*v**2 + 256*w**6 - 160*w**3 + 25,8,7200.0,750,0.3,1
625*u**8 + 1950*u**4*v**2 + 800*u**4*w**3 - 250*u**4 + 1521*v**4 + 1248*v**2*w**3 - 390*v**2 + 256*w**6 - 160*w**3 + 25,8,7200.0,750,0.25,3
625*u**8 + 1950*u**4*v**2 + 800*u**4*w**3 - 250*u**4 + 1521*v**4 + 1248*v**2*w**3 - 390*v**2 + 256*w**6 - 160*w**3 + 25,8,7200.0,750,0.2,2
625*u**8 + 1950*u**4*v**2 + 800*u**4*w**3 - 250*u**4 + 1521*v**4 + 1248*v**2*w**3 - 390*v**2 + 256*w**6 - 160*w**3 + 25,8,7200.0,750,0.15,5
625*u**8 + 1950*u**4*v**2 + 800*u**4*w**3 - 250*u**4 + 1521*v**4 + 1248*v**2*w**3 - 390*v**2 + 256*w**6 - 160*w**3 + 25,8,7200.0,1000,0.3,4
625*u**8 + 1950*u**4*v**2 + 800*u**4*w**3 - 250*u**4 + 1521*v**4 + 1248*v**2*w**3 - 390*v**2 + 256*w**6 - 160*w**3 + 25,8,7200.0,1000,0.1,7
-21*u - 37*v**2 - 25*w + 3,2,83.0,250,0.3,53
-21*u - 37*v**2 - 25*w + 3,2,83.0,250,0.25,48
-21*u - 37*v**2 - 25*w + 3,2,83.0,250,0.2,72
-21*u - 37*v**2 - 25*w + 3,2,83.0,250,0.15,79
-21*u - 37*v**2 - 25*w + 3,2,83.0,250,0.1,114
-21*u - 37*v**2 - 25*w + 3,2,83.0,500,0.3,94
-21*u - 37*v**2 - 25*w + 3,2,83.0,500,0.25,108
-21*u - 37*v**2 - 25*w + 3,2,83.0,500,0.2,124
-21*u - 37*v**2 - 25*w + 3,2,83.0,500,0.15,148
-21*u - 37*v**2 - 25*w + 3,2,83.0,500,0.1,175
-21*u - 37*v**2 - 25*w + 3,2,83.0,750,0.3,140
-21*u - 37*v**2 - 25*w + 3,2,83.0,750,0.25,139
-21*u - 37*v**2 - 25*w + 3,2,83.0,750,0.15,202
-21*u - 37*v**2 - 25*w + 3,2,83.0,1000,0.3,167
-21*u - 37*v**2 - 25*w + 3,2,83.0,1000,0.2,211
-21*u - 37*v**2 - 25*w + 3,2,83.0,1000,0.15,245
-21*u - 37*v**2 - 25*w + 3,2,83.0,1000,0.1,286
-12*u**2 - 13*v**3 - w**3 - 1,3,26.0,250,0.3,111
-12*u**2 - 13*v**3 - w**3 - 1,3,26.0,250,0.25,119
-12*u**2 - 13*v**3 - w**3 - 1,3,26.0,250,0.2,107
-12*u**2 - 13*v**3 - w**3 - 1,3,26.0,250,0.15,152
-12*u**2 - 13*v**3 - w**3 - 1,3,26.0,250,0.1,156
-12*u**2 - 13*v**3 - w**3 - 1,3,26.0,500,0.3,159
-12*u**2 - 13*v**3 - w**3 - 1,3,26.0,500,0.25,192
-12*u**2 - 13*v**3 - w**3 - 1,3,26.0,500,0.2,236
-12*u**2 - 13*v**3 - w**3 - 1,3,26.0,500,0.15,228
-12*u**2 - 13*v**3 - w**3 - 1,3,26.0,500,0.1,270
-12*u**2 - 13*v**3 - w**3 - 1,3,26.0,750,0.3,249
-12*u**2 - 13*v**3 - w**3 - 1,3,26.0,750,0.25,262
-12*u**2 - 13*v**3 - w**3 - 1,3,26.0,750,0.2,269
-12*u**2 - 13*v**3 - w**3 - 1,3,26.0,750,0.15,342
-12*u**2 - 13*v**3 - w**3 - 1,3,26.0,750,0.1,394
-12*u**2 - 13*v**3 - w**3 - 1,3,26.0,1000,0.25,332
-12*u**2 - 13*v**3 - w**3 - 1,3,26.0,1000,0.2,339
-12*u**2 - 13*v**3 - w**3 - 1,3,26.0,1000,0.15,415
-12*u**2 - 13*v**3 - w**3 - 1,3,26.0,1000,0.1,497
28*u**4 + 19*v - 27*w + 43*x**3 - 3,4,117.0,250,0.3,104
28*u**4 + 19*v - 27*w + 43*x**3 - 3,4,117.0,250,0.25,120
28*u**4 + 19*v - 27*w + 43*x**3 - 3,4,117.0,250,0.2,141
28*u**4 + 19*v - 27*w + 43*x**3 - 3,4,117.0,250,0.15,160
-35*u + 10*v**2 + w**3 + 42*x**4 - 5,4,88.0,250,0.3,110
-35*u + 10*v**2 + w**3 + 42*x**4 - 5,4,88.0,250,0.25,111
-35*u + 10*v**2 + w**3 + 42*x**4 - 5,4,88.0,250,0.2,133
-35*u + 10*v**2 + w**3 + 42*x**4 - 5,4,88.0,250,0.15,153
-35*u + 10*v**2 + w**3 + 42*x**4 - 5,4,88.0,250,0.1,175
-35*u + 10*v**2 + w**3 + 42*x**4 - 5,4,88.0,500,0.3,176
-35*u + 10*v**2 + w**3 + 42*x**4 - 5,4,88.0,500,0.25,209
-35*u + 10*v**2 + w**3 + 42*x**4 - 5,4,88.0,500,0.2,242
-35*u + 10*v**2 + w**3 + 42*x**4 - 5,4,88.0,500,0.15,286
-35*u + 10*v**2 + w**3 + 42*x**4 - 5,4,88.0,500,0.1,329
-35*u + 10*v**2 + w**3 + 42*x**4 - 5,4,88.0,750,0.3,244
-35*u + 10*v**2 + w**3 + 42*x**4 - 5,4,88.0,750,0.25,285
-35*u + 10*v**2 + w**3 + 42*x**4 - 5,4,88.0,750,0.2,329
-35*u + 10*v**2 + w**3 + 42*x**4 - 5,4,88.0,750,0.15,372
-35*u + 10*v**2 + w**3 + 42*x**4 - 5,4,88.0,750,0.1,482
-35*u + 10*v**2 + w**3 + 42*x**4 - 5,4,88.0,1000,0.3,310
-35*u + 10*v**2 + w**3 + 42*x**4 - 5,4,88.0,1000,0.2,393
-35*u + 10*v**2 + w**3 + 42*x**4 - 5,4,88.0,1000,0.15,492
-35*u + 10*v**2 + w**3 + 42*x**4 - 5,4,88.0,1000,0.1,599
196*u**4 - 1008*u**2*v**3 + 140*u**2 + 1296*v**6 - 360*v**3 + 25,6,3000.0,250,0.3,1
196*u**4 - 1008*u**2*v**3 + 140*u**2 + 1296*v**6 - 360*v**3 + 25,6,3000.0,250,0.2,1
196*u**4 - 1008*u**2*v**3 + 140*u**2 + 1296*v**6 - 360*v**3 + 25,6,3000.0,250,0.15,1
196*u**4 - 1008*u**2*v**3 + 140*u**2 + 1296*v**6 - 360*v**3 + 25,6,3000.0,250,0.1,1
196*u**4 - 1008*u**2*v**3 + 140*u**2 + 1296*v**6 - 360*v**3 + 25,6,3000.0,500,0.3,1
196*u**4 - 1008*u**2*v**3 + 140*u**2 + 1296*v**6 - 360*v**3 + 25,6,3000.0,500,0.2,2
196*u**4 - 1008*u**2*v**3 + 140*u**2 + 1296*v**6 - 360*v**3 + 25,6,3000.0,500,0.15,1
196*u**4 - 1008*u**2*v**3 + 140*u**2 + 1296*v**6 - 360*v**3 + 25,6,3000.0,500,0.1,1
196*u**4 - 1008*u**2*v**3 + 140*u**2 + 1296*v**6 - 360*v**3 + 25,6,3000.0,750,0.2,1
196*u**4 - 1008*u**2*v**3 + 140*u**2 + 1296*v**6 - 360*v**3 + 25,6,3000.0,1000,0.2,1
196*u**4 - 1008*u**2*v**3 + 140*u**2 + 1296*v**6 - 360*v**3 + 25,6,3000.0,1000,0.15,2
196*u**4 - 1008*u**2*v**3 + 140*u**2 + 1296*v**6 - 360*v**3 + 25,6,3000.0,1000,0.1,5
-23*u**2 - 46*v + 2,2,69.0,250,0.3,35
-23*u**2 - 46*v + 2,2,69.0,250,0.25,29
-23*u**2 - 46*v + 2,2,69.0,250,0.2,35
-23*u**2 - 46*v + 2,2,69.0,250,0.15,29
-23*u**2 - 46*v + 2,2,69.0,250,0.1,54
-23*u**2 - 46*v + 2,2,69.0,500,0.3,39
-23*u**2 - 46*v + 2,2,69.0,500,0.25,43
-23*u**2 - 46*v + 2,2,69.0,500,0.2,46
-23*u**2 - 46*v + 2,2,69.0,500,0.1,63
-23*u**2 - 46*v + 2,2,69.0,750,0.3,60
-23*u**2 - 46*v + 2,2,69.0,750,0.25,53
-23*u**2 - 46*v + 2,2,69.0,750,0.1,76
-23*u**2 - 46*v + 2,2,69.0,1000,0.25,64
-23*u**2 - 46*v + 2,2,69.0,1000,0.2,71
-23*u**2 - 46*v + 2,2,69.0,1000,0.15,69
1369*u**2 + 2664*u*v**2 - 74*u + 1296*v**4 - 72*v**2 + 1,4,5475.0,250,0.3,1
1369*u**2 + 2664*u*v**2 - 74*u + 1296*v**4 - 72*v**2 + 1,4,5475.0,250,0.2,1
1369*u**2 + 2664*u*v**2 - 74*u + 1296*v**4 - 72*v**2 + 1,4,5475.0,250,0.1,1
1369*u**2 + 2664*u*v**2 - 74*u + 1296*v**4 - 72*v**2 + 1,4,5475.0,500,0.3,1
1369*u**2 + 2664*u*v**2 - 74*u + 1296*v**4 - 72*v**2 + 1,4,5475.0,500,0.25,1
1369*u**2 + 2664*u*v**2 - 74*u + 1296*v**4 - 72*v**2 + 1,4,5475.0,500,0.15,1
1369*u**2 + 2664*u*v**2 - 74*u + 1296*v**4 - 72*v**2 + 1,4,5475.0,500,0.1,2
1369*u**2 + 2664*u*v**2 - 74*u + 1296*v**4 - 72*v**2 + 1,4,5475.0,750,0.1,1
1369*u**2 + 2664*u*v**2 - 74*u + 1296*v**4 - 72*v**2 + 1,4,5475.0,1000,0.1,5
-40*u**4 - 33*v**4 + 10*w**2 + 1,4,83.0,250,0.3,39
-40*u**4 - 33*v**4 + 10*w**2 + 1,4,83.0,250,0.25,52
-40*u**4 - 33*v**4 + 10*w**2 + 1,4,83.0,250,0.2,45
-40*u**4 - 33*v**4 + 10*w**2 + 1,4,83.0,250,0.15,82
-40*u**4 - 33*v**4 + 10*w**2 + 1,4,83.0,250,0.1,97
-40*u**4 - 33*v**4 + 10*w**2 + 1,4,83.0,500,0.3,61
-40*u**4 - 33*v**4 + 10*w**2 + 1,4,83.0,500,0.25,90
-40*u**4 - 33*v**4 + 10*w**2 + 1,4,83.0,500,0.2,113
-40*u**4 - 33*v**4 + 10*w**2 + 1,4,83.0,500,0.15,93
-40*u**4 - 33*v**4 + 10*w**2 + 1,4,83.0,500,0.1,165
-40*u**4 - 33*v**4 + 10*w**2 + 1,4,83.0,750,0.3,53
-40*u**4 - 33*v**4 + 10*w**2 + 1,4,83.0,750,0.25,81
-40*u**4 - 33*v**4 + 10*w**2 + 1,4,83.0,750,0.2,87
-40*u**4 - 33*v**4 + 10*w**2 + 1,4,83.0,750,0.15,141
-40*u**4 - 33*v**4 + 10*w**2 + 1,4,83.0,1000,0.3,79
-40*u**4 - 33*v**4 + 10*w**2 + 1,4,83.0,1000,0.25,76
-40*u**4 - 33*v**4 + 10*w**2 + 1,4,83.0,1000,0.2,119
-40*u**4 - 33*v**4 + 10*w**2 + 1,4,83.0,1000,0.15,159
-40*u**4 - 33*v**4 + 10*w**2 + 1,4,83.0,1000,0.1,229
-43*u**3 - 46*v + 10*w**4 - 1,4,99.0,250,0.2,109
-43*u**3 - 46*v + 10*w**4 - 1,4,99.0,250,0.15,111
-43*u**3 - 46*v + 10*w**4 - 1,4,99.0,1000,0.15,355
784*u**6 - 840*u**3*v**4 - 56*u**3*w + 2576*u**3*x**4 + 112*u**3 + 225*v**8 + 30*v**4*w - 1380*v**4*x**4 - 60*v**4 + w**2 - 92*w*x**4 - 4*w + 2116*x**8 + 184*x**4 + 4,8,8460.0,500,0.25,1
961*u**8 + 124*u**4*v**2 - 682*u**4*w**3 + 1364*u**4*x**4 - 62*u**4 + 4*v**4 - 44*v**2*w**3 + 88*v**2*x**4 - 4*v**2 + 121*w**6 - 484*w**3*x**4 + 22*w**3 + 484*x**8 - 44*x**4 + 1,8,4488.0,250,0.3,1
961*u**8 + 124*u**4*v**2 - 682*u**4*w**3 + 1364*u**4*x**4 - 62*u**4 + 4*v**4 - 44*v**2*w**3 + 88*v**2*x**4 - 4*v**2 + 121*w**6 - 484*w**3*x**4 + 22*w**3 + 484*x**8 - 44*x**4 + 1,8,4488.0,250,0.25,2
961*u**8 + 124*u**4*v**2 - 682*u**4*w**3 + 1364*u**4*x**4 - 62*u**4 + 4*v**4 - 44*v**2*w**3 + 88*v**2*x**4 - 4*v**2 + 121*w**6 - 484*w**3*x**4 + 22*w**3 + 484*x**8 - 44*x**4 + 1,8,4488.0,250,0.2,1
961*u**8 + 124*u**4*v**2 - 682*u**4*w**3 + 1364*u**4*x**4 - 62*u**4 + 4*v**4 - 44*v**2*w**3 + 88*v**2*x**4 - 4*v**2 + 121*w**6 - 484*w**3*x**4 + 22*w**3 + 484*x**8 - 44*x**4 + 1,8,4488.0,250,0.1,1
961*u**8 + 124*u**4*v**2 - 682*u**4*w**3 + 1364*u**4*x**4 - 62*u**4 + 4*v**4 - 44*v**2*w**3 + 88*v**2*x**4 - 4*v**2 + 121*w**6 - 484*w**3*x**4 + 22*w**3 + 484*x**8 - 44*x**4 + 1,8,4488.0,500,0.3,1
961*u**8 + 124*u**4*v**2 - 682*u**4*w**3 + 1364*u**4*x**4 - 62*u**4 + 4*v**4 - 44*v**2*w**3 + 88*v**2*x**4 - 4*v**2 + 121*w**6 - 484*w**3*x**4 + 22*w**3 + 484*x**8 - 44*x**4 + 1,8,4488.0,500,0.25,2
961*u**8 + 124*u**4*v**2 - 682*u**4*w**3 + 1364*u**4*x**4 - 62*u**4 + 4*v**4 - 44*v**2*w**3 + 88*v**2*x**4 - 4*v**2 + 121*w**6 - 484*w**3*x**4 + 22*w**3 + 484*x**8 - 44*x**4 + 1,8,4488.0,500,0.2,1
961*u**8 + 124*u**4*v**2 - 682*u**4*w**3 + 1364*u**4*x**4 - 62*u**4 + 4*v**4 - 44*v**2*w**3 + 88*v**2*x**4 - 4*v**2 + 121*w**6 - 484*w**3*x**4 + 22*w**3 + 484*x**8 - 44*x**4 + 1,8,4488.0,500,0.15,1
961*u**8 + 124*u**4*v**2 - 682*u**4*w**3 + 1364*u**4*x**4 - 62*u**4 + 4*v**4 - 44*v**2*w**3 + 88*v**2*x**4 - 4*v**2 + 121*w**6 - 484*w**3*x**4 + 22*w**3 + 484*x**8 - 44*x**4 + 1,8,4488.0,500,0.1,1
961*u**8 + 124*u**4*v**2 - 682*u**4*w**3 + 1364*u**4*x**4 - 62*u**4 + 4*v**4 - 44*v**2*w**3 + 88*v**2*x**4 - 4*v**2 + 121*w**6 - 484*w**3*x**4 + 22*w**3 + 484*x**8 - 44*x**4 + 1,8,4488.0,750,0.3,1
961*u**8 + 124*u**4*v**2 - 682*u**4*w**3 + 1364*u**4*x**4 - 62*u**4 + 4*v**4 - 44*v**2*w**3 + 88*v**2*x**4 - 4*v**2 + 121*w**6 - 484*w**3*x**4 + 22*w**3 + 484*x**8 - 44*x**4 + 1,8,4488.0,750,0.25,2
961*u**8 + 124*u**4*v**2 - 682*u**4*w**3 + 1364*u**4*x**4 - 62*u**4 + 4*v**4 - 44*v**2*w**3 + 88*v**2*x**4 - 4*v**2 + 121*w**6 - 484*w**3*x**4 + 22*w**3 + 484*x**8 - 44*x**4 + 1,8,4488.0,750,0.2,2
961*u**8 + 124*u**4*v**2 - 682*u**4*w**3 + 1364*u**4*x**4 - 62*u**4 + 4*v**4 - 44*v**2*w**3 + 88*v**2*x**4 - 4*v**2 + 121*w**6 - 484*w**3*x**4 + 22*w**3 + 484*x**8 - 44*x**4 + 1,8,4488.0,750,0.15,3
961*u**8 + 124*u**4*v**2 - 682*u**4*w**3 + 1364*u**4*x**4 - 62*u**4 + 4*v**4 - 44*v**2*w**3 + 88*v**2*x**4 - 4*v**2 + 121*w**6 - 484*w**3*x**4 + 22*w**3 + 484*x**8 - 44*x**4 + 1,8,4488.0,750,0.1,3
961*u**8 + 124*u**4*v**2 - 682*u**4*w**3 + 1364*u**4*x**4 - 62*u**4 + 4*v**4 - 44*v**2*w**3 + 88*v**2*x**4 - 4*v**2 + 121*w**6 - 484*w**3*x**4 + 22*w**3 + 484*x**8 - 44*x**4 + 1,8,4488.0,1000,0.3,2
961*u**8 + 124*u**4*v**2 - 682*u**4*w**3 + 1364*u**4*x**4 - 62*u**4 + 4*v**4 - 44*v**2*w**3 + 88*v**2*x**4 - 4*v**2 + 121*w**6 - 484*w**3*x**4 + 22*w**3 + 484*x**8 - 44*x**4 + 1,8,4488.0,1000,0.25,3
961*u**8 + 124*u**4*v**2 - 682*u**4*w**3 + 1364*u**4*x**4 - 62*u**4 + 4*v**4 - 44*v**2*w**3 + 88*v**2*x**4 - 4*v**2 + 121*w**6 - 484*w**3*x**4 + 22*w**3 + 484*x**8 - 44*x**4 + 1,8,4488.0,1000,0.2,1
961*u**8 + 124*u**4*v**2 - 682*u**4*w**3 + 1364*u**4*x**4 - 62*u**4 + 4*v**4 - 44*v**2*w**3 + 88*v**2*x**4 - 4*v**2 + 121*w**6 - 484*w**3*x**4 + 22*w**3 + 484*x**8 - 44*x**4 + 1,8,4488.0,1000,0.15,2
961*u**8 + 124*u**4*v**2 - 682*u**4*w**3 + 1364*u**4*x**4 - 62*u**4 + 4*v**4 - 44*v**2*w**3 + 88*v**2*x**4 - 4*v**2 + 121*w**6 - 484*w**3*x**4 + 22*w**3 + 484*x**8 - 44*x**4 + 1,8,4488.0,1000,0.1,3
32*u**2 + 27*v - 1,2,59.0,250,0.3,21
32*u**2 + 27*v - 1,2,59.0,250,0.25,23
32*u**2 + 27*v - 1,2,59.0,250,0.2,20
32*u**2 + 27*v - 1,2,59.0,250,0.15,38
32*u**2 + 27*v - 1,2,59.0,250,0.1,29
32*u**2 + 27*v - 1,2,59.0,500,0.3,29
32*u**2 + 27*v - 1,2,59.0,500,0.25,27
32*u**2 + 27*v - 1,2,59.0,500,0.2,39
32*u**2 + 27*v - 1,2,59.0,500,0.15,36
32*u**2 + 27*v - 1,2,59.0,750,0.3,33
32*u**2 + 27*v - 1,2,59.0,750,0.25,37
32*u**2 + 27*v - 1,2,59.0,750,0.2,57
32*u**2 + 27*v - 1,2,59.0,750,0.1,65
32*u**2 + 27*v - 1,2,59.0,1000,0.25,47
32*u**2 + 27*v - 1,2,59.0,1000,0.15,74
32*u**2 + 27*v - 1,2,59.0,1000,0.1,75
-44*u**3 - 17*v**3 + 49*w + 1,3,110.0,250,0.3,49
-44*u**3 - 17*v**3 + 49*w + 1,3,110.0,250,0.25,66
-44*u**3 - 17*v**3 + 49*w + 1,3,110.0,250,0.2,71
-44*u**3 - 17*v**3 + 49*w + 1,3,110.0,1000,0.3,98
1156*u**4 + 1020*u**2*v**3 + 3128*u**2*w**3 - 340*u**2 + 225*v**6 + 1380*v**3*w**3 - 150*v**3 + 2116*w**6 - 460*w**3 + 25,6,9975.0,250,0.3,2
1156*u**4 + 1020*u**2*v**3 + 3128*u**2*w**3 - 340*u**2 + 225*v**6 + 1380*v**3*w**3 - 150*v**3 + 2116*w**6 - 460*w**3 + 25,6,9975.0,250,0.2,1
1156*u**4 + 1020*u**2*v**3 + 3128*u**2*w**3 - 340*u**2 + 225*v**6 + 1380*v**3*w**3 - 150*v**3 + 2116*w**6 - 460*w**3 + 25,6,9975.0,250,0.15,1
1156*u**4 + 1020*u**2*v**3 + 3128*u**2*w**3 - 340*u**2 + 225*v**6 + 1380*v**3*w**3 - 150*v**3 + 2116*w**6 - 460*w**3 + 25,6,9975.0,250,0.1,5
1156*u**4 + 1020*u**2*v**3 + 3128*u**2*w**3 - 340*u**2 + 225*v**6 + 1380*v**3*w**3 - 150*v**3 + 2116*w**6 - 460*w**3 + 25,6,9975.0,500,0.3,2
1156*u**4 + 1020*u**2*v**3 + 3128*u**2*w**3 - 340*u**2 + 225*v**6 + 1380*v**3*w**3 - 150*v**3 + 2116*w**6 - 460*w**3 + 25,6,9975.0,500,0.15,2
1156*u**4 + 1020*u**2*v**3 + 3128*u**2*w**3 - 340*u**2 + 225*v**6 + 1380*v**3*w**3 - 150*v**3 + 2116*w**6 - 460*w**3 + 25,6,9975.0,750,0.3,2
1156*u**4 + 1020*u**2*v**3 + 3128*u**2*w**3 - 340*u**2 + 225*v**6 + 1380*v**3*w**3 - 150*v**3 + 2116*w**6 - 460*w**3 + 25,6,9975.0,750,0.2,3
9*u**8 - 12*u**4*v**2 + 24*u**4*w**3 + 12*u**4 + 4*v**4 - 16*v**2*w**3 - 8*v**2 + 16*w**6 + 16*w**3 + 4,8,117.0,500,0.25,2
9*u**8 - 12*u**4*v**2 + 24*u**4*w**3 + 12*u**4 + 4*v**4 - 16*v**2*w**3 - 8*v**2 + 16*w**6 + 16*w**3 + 4,8,117.0,500,0.2,3
529*u**8 + 1932*u**4*v**3 + 1334*u**4*w**3 - 2116*u**4*x**2 + 92*u**4 + 1764*v**6 + 2436*v**3*w**3 - 3864*v**3*x**2 + 168*v**3 + 841*w**6 - 2668*w**3*x**2 + 116*w**3 + 2116*x**4 - 184*x**2 + 4,8,20160.0,250,0.3,4
529*u**8 + 1932*u**4*v**3 + 1334*u**4*w**3 - 2116*u**4*x**2 + 92*u**4 + 1764*v**6 + 2436*v**3*w**3 - 3864*v**3*x**2 + 168*v**3 + 841*w**6 - 2668*w**3*x**2 + 116*w**3 + 2116*x**4 - 184*x**2 + 4,8,20160.0,250,0.25,4
529*u**8 + 1932*u**4*v**3 + 1334*u**4*w**3 - 2116*u**4*x**2 + 92*u**4 + 1764*v**6 + 2436*v**3*w**3 - 3864*v**3*x**2 + 168*v**3 + 841*w**6 - 2668*w**3*x**2 + 116*w**3 + 2116*x**4 - 184*x**2 + 4,8,20160.0,250,0.15,5
529*u**8 + 1932*u**4*v**3 + 1334*u**4*w**3 - 2116*u**4*x**2 + 92*u**4 + 1764*v**6 + 2436*v**3*w**3 - 3864*v**3*x**2 + 168*v**3 + 841*w**6 - 2668*w**3*x**2 + 116*w**3 + 2116*x**4 - 184*x**2 + 4,8,20160.0,250,0.1,7
529*u**8 + 1932*u**4*v**3 + 1334*u**4*w**3 - 2116*u**4*x**2 + 92*u**4 + 1764*v**6 + 2436*v**3*w**3 - 3864*v**3*x**2 + 168*v**3 + 841*w**6 - 2668*w**3*x**2 + 116*w**3 + 2116*x**4 - 184*x**2 + 4,8,20160.0,500,0.3,4
529*u**8 + 1932*u**4*v**3 + 1334*u**4*w**3 - 2116*u**4*x**2 + 92*u**4 + 1764*v**6 + 2436*v**3*w**3 - 3864*v**3*x**2 + 168*v**3 + 841*w**6 - 2668*w**3*x**2 + 116*w**3 + 2116*x**4 - 184*x**2 + 4,8,20160.0,500,0.25,5
529*u**8 + 1932*u**4*v**3 + 1334*u**4*w**3 - 2116*u**4*x**2 + 92*u**4 + 1764*v**6 + 2436*v**3*w**3 - 3864*v**3*x**2 + 168*v**3 + 841*w**6 - 2668*w**3*x**2 + 116*w**3 + 2116*x**4 - 184*x**2 + 4,8,20160.0,500,0.15,5
529*u**8 + 1932*u**4*v**3 + 1334*u**4*w**3 - 2116*u**4*x**2 + 92*u**4 + 1764*v**6 + 2436*v**3*w**3 - 3864*v**3*x**2 + 168*v**3 + 841*w**6 - 2668*w**3*x**2 + 116*w**3 + 2116*x**4 - 184*x**2 + 4,8,20160.0,500,0.1,5
529*u**8 + 1932*u**4*v**3 + 1334*u**4*w**3 - 2116*u**4*x**2 + 92*u**4 + 1764*v**6 + 2436*v**3*w**3 - 3864*v**3*x**2 + 168*v**3 + 841*w**6 - 2668*w**3*x**2 + 116*w**3 + 2116*x**4 - 184*x**2 + 4,8,20160.0,750,0.3,12
529*u**8 + 1932*u**4*v**3 + 1334*u**4*w**3 - 2116*u**4*x**2 + 92*u**4 + 1764*v**6 + 2436*v**3*w**3 - 3864*v**3*x**2 + 168*v**3 + 841*w**6 - 2668*w**3*x**2 + 116*w**3 + 2116*x**4 - 184*x**2 + 4,8,20160.0,750,0.2,5
529*u**8 + 1932*u**4*v**3 + 1334*u**4*w**3 - 2116*u**4*x**2 + 92*u**4 + 1764*v**6 + 2436*v**3*w**3 - 3864*v**3*x**2 + 168*v**3 + 841*w**6 - 2668*w**3*x**2 + 116*w**3 + 2116*x**4 - 184*x**2 + 4,8,20160.0,750,0.15,10
529*u**8 + 1932*u**4*v**3 + 1334*u**4*w**3 - 2116*u**4*x**2 + 92*u**4 + 1764*v**6 + 2436*v**3*w**3 - 3864*v**3*x**2 + 168*v**3 + 841*w**6 - 2668*w**3*x**2 + 116*w**3 + 2116*x**4 - 184*x**2 + 4,8,20160.0,750,0.1,12
529*u**8 + 1932*u**4*v**3 + 1334*u**4*w**3 - 2116*u**4*x**2 + 92*u**4 + 1764*v**6 + 2436*v**3*w**3 - 3864*v**3*x**2 + 168*v**3 + 841*w**6 - 2668*w**3*x**2 + 116*w**3 + 2116*x**4 - 184*x**2 + 4,8,20160.0,1000,0.3,7
529*u**8 + 1932*u**4*v**3 + 1334*u**4*w**3 - 2116*u**4*x**2 + 92*u**4 + 1764*v**6 + 2436*v**3*w**3 - 3864*v**3*x**2 + 168*v**3 + 841*w**6 - 2668*w**3*x**2 + 116*w**3 + 2116*x**4 - 184*x**2 + 4,8,20160.0,1000,0.2,11
529*u**8 + 1932*u**4*v**3 + 1334*u**4*w**3 - 2116*u**4*x**2 + 92*u**4 + 1764*v**6 + 2436*v**3*w**3 - 3864*v**3*x**2 + 168*v**3 + 841*w**6 - 2668*w**3*x**2 + 116*w**3 + 2116*x**4 - 184*x**2 + 4,8,20160.0,1000,0.1,14
361*u**2 + 1786*u*v**2 + 1672*u*w + 38*u + 2209*v**4 + 4136*v**2*w + 94*v**2 + 1936*w**2 + 88*w + 1,4,12320.0,250,0.3,1
361*u**2 + 1786*u*v**2 + 1672*u*w + 38*u + 2209*v**4 + 4136*v**2*w + 94*v**2 + 1936*w**2 + 88*w + 1,4,12320.0,250,0.25,3
361*u**2 + 1786*u*v**2 + 1672*u*w + 38*u + 2209*v**4 + 4136*v**2*w + 94*v**2 + 1936*w**2 + 88*w + 1,4,12320.0,250,0.2,1
361*u**2 + 1786*u*v**2 + 1672*u*w + 38*u + 2209*v**4 + 4136*v**2*w + 94*v**2 + 1936*w**2 + 88*w + 1,4,12320.0,250,0.15,1
361*u**2 + 1786*u*v**2 + 1672*u*w + 38*u + 2209*v**4 + 4136*v**2*w + 94*v**2 + 1936*w**2 + 88*w + 1,4,12320.0,750,0.15,2
1521*u**4 - 1638*u**2*v**4 - 78*u**2 + 441*v**8 + 42*v**4 + 1,8,3720.0,250,0.3,2
1521*u**4 - 1638*u**2*v**4 - 78*u**2 + 441*v**8 + 42*v**4 + 1,8,3720.0,250,0.25,5
1521*u**4 - 1638*u**2*v**4 - 78*u**2 + 441*v**8 + 42*v**4 + 1,8,3720.0,250,0.2,2
1521*u**4 - 1638*u**2*v**4 - 78*u**2 + 441*v**8 + 42*v**4 + 1,8,3720.0,250,0.15,4
1521*u**4 - 1638*u**2*v**4 - 78*u**2 + 441*v**8 + 42*v**4 + 1,8,3720.0,250,0.1,2
1521*u**4 - 1638*u**2*v**4 - 78*u**2 + 441*v**8 + 42*v**4 + 1,8,3720.0,500,0.3,1
1521*u**4 - 1638*u**2*v**4 - 78*u**2 + 441*v**8 + 42*v**4 + 1,8,3720.0,500,0.25,1
1521*u**4 - 1638*u**2*v**4 - 78*u**2 + 441*v**8 + 42*v**4 + 1,8,3720.0,500,0.2,2
1521*u**4 - 1638*u**2*v**4 - 78*u**2 + 441*v**8 + 42*v**4 + 1,8,3720.0,500,0.15,1
1521*u**4 - 1638*u**2*v**4 - 78*u**2 + 441*v**8 + 42*v**4 + 1,8,3720.0,500,0.1,1
1521*u**4 - 1638*u**2*v**4 - 78*u**2 + 441*v**8 + 42*v**4 + 1,8,3720.0,750,0.25,1
1521*u**4 - 1638*u**2*v**4 - 78*u**2 + 441*v**8 + 42*v**4 + 1,8,3720.0,750,0.2,2
1521*u**4 - 1638*u**2*v**4 - 78*u**2 + 441*v**8 + 42*v**4 + 1,8,3720.0,750,0.1,5
1521*u**4 - 1638*u**2*v**4 - 78*u**2 + 441*v**8 + 42*v**4 + 1,8,3720.0,1000,0.25,5
1521*u**4 - 1638*u**2*v**4 - 78*u**2 + 441*v**8 + 42*v**4 + 1,8,3720.0,1000,0.2,2
441*u**4 + 126*u**2*v - 1680*u**2*w**2 + 294*u**2*x + 168*u**2 + 9*v**2 - 240*v*w**2 + 42*v*x + 24*v + 1600*w**4 - 560*w**2*x - 320*w**2 + 49*x**2 + 56*x + 16,4,5609.0,250,0.3,1
441*u**4 + 126*u**2*v - 1680*u**2*w**2 + 294*u**2*x + 168*u**2 + 9*v**2 - 240*v*w**2 + 42*v*x + 24*v + 1600*w**4 - 560*w**2*x - 320*w**2 + 49*x**2 + 56*x + 16,4,5609.0,250,0.25,1
441*u**4 + 126*u**2*v - 1680*u**2*w**2 + 294*u**2*x + 168*u**2 + 9*v**2 - 240*v*w**2 + 42*v*x + 24*v + 1600*w**4 - 560*w**2*x - 320*w**2 + 49*x**2 + 56*x + 16,4,5609.0,250,0.2,1
441*u**4 + 126*u**2*v - 1680*u**2*w**2 + 294*u**2*x + 168*u**2 + 9*v**2 - 240*v*w**2 + 42*v*x + 24*v + 1600*w**4 - 560*w**2*x - 320*w**2 + 49*x**2 + 56*x + 16,4,5609.0,250,0.15,4
441*u**4 + 126*u**2*v - 1680*u**2*w**2 + 294*u**2*x + 168*u**2 + 9*v**2 - 240*v*w**2 + 42*v*x + 24*v + 1600*w**4 - 560*w**2*x - 320*w**2 + 49*x**2 + 56*x + 16,4,5609.0,250,0.1,6
441*u**4 + 126*u**2*v - 1680*u**2*w**2 + 294*u**2*x + 168*u**2 + 9*v**2 - 240*v*w**2 + 42*v*x + 24*v + 1600*w**4 - 560*w**2*x - 320*w**2 + 49*x**2 + 56*x + 16,4,5609.0,500,0.25,1
441*u**4 + 126*u**2*v - 1680*u**2*w**2 + 294*u**2*x + 168*u**2 + 9*v**2 - 240*v*w**2 + 42*v*x + 24*v + 1600*w**4 - 560*w**2*x - 320*w**2 + 49*x**2 + 56*x + 16,4,5609.0,500,0.2,4
441*u**4 + 126*u**2*v - 1680*u**2*w**2 + 294*u**2*x + 168*u**2 + 9*v**2 - 240*v*w**2 + 42*v*x + 24*v + 1600*w**4 - 560*w**2*x - 320*w**2 + 49*x**2 + 56*x + 16,4,5609.0,500,0.15,6
441*u**4 + 126*u**2*v - 1680*u**2*w**2 + 294*u**2*x + 168*u**2 + 9*v**2 - 240*v*w**2 + 42*v*x + 24*v + 1600*w**4 - 560*w**2*x - 320*w**2 + 49*x**2 + 56*x + 16,4,5609.0,750,0.3,6
441*u**4 + 126*u**2*v - 1680*u**2*w**2 + 294*u**2*x + 168*u**2 + 9*v**2 - 240*v*w**2 + 42*v*x + 24*v + 1600*w**4 - 560*w**2*x - 320*w**2 + 49*x**2 + 56*x + 16,4,5609.0,750,0.25,5
441*u**4 + 126*u**2*v - 1680*u**2*w**2 + 294*u**2*x + 168*u**2 + 9*v**2 - 240*v*w**2 + 42*v*x + 24*v + 1600*w**4 - 560*w**2*x - 320*w**2 + 49*x**2 + 56*x + 16,4,5609.0,750,0.2,3
441*u**4 + 126*u**2*v - 1680*u**2*w**2 + 294*u**2*x + 168*u**2 + 9*v**2 - 240*v*w**2 + 42*v*x + 24*v + 1600*w**4 - 560*w**2*x - 320*w**2 + 49*x**2 + 56*x + 16,4,5609.0,750,0.15,8
441*u**4 + 126*u**2*v - 1680*u**2*w**2 + 294*u**2*x + 168*u**2 + 9*v**2 - 240*v*w**2 + 42*v*x + 24*v + 1600*w**4 - 560*w**2*x - 320*w**2 + 49*x**2 + 56*x + 16,4,5609.0,750,0.1,3
441*u**4 + 126*u**2*v - 1680*u**2*w**2 + 294*u**2*x + 168*u**2 + 9*v**2 - 240*v*w**2 + 42*v*x + 24*v + 1600*w**4 - 560*w**2*x - 320*w**2 + 49*x**2 + 56*x + 16,4,5609.0,1000,0.3,4
441*u**4 + 126*u**2*v - 1680*u**2*w**2 + 294*u**2*x + 168*u**2 + 9*v**2 - 240*v*w**2 + 42*v*x + 24*v + 1600*w**4 - 560*w**2*x - 320*w**2 + 49*x**2 + 56*x + 16,4,5609.0,1000,0.25,1
441*u**4 + 126*u**2*v - 1680*u**2*w**2 + 294*u**2*x + 168*u**2 + 9*v**2 - 240*v*w**2 + 42*v*x + 24*v + 1600*w**4 - 560*w**2*x - 320*w**2 + 49*x**2 + 56*x + 16,4,5609.0,1000,0.15,7
169*u**8 - 338*u**4*v**2 + 52*u**4 + 169*v**4 - 52*v**2 + 4,8,780.0,250,0.3,2
169*u**8 - 338*u**4*v**2 + 52*u**4 + 169*v**4 - 52*v**2 + 4,8,780.0,250,0.25,2
169*u**8 - 338*u**4*v**2 + 52*u**4 + 169*v**4 - 52*v**2 + 4,8,780.0,250,0.15,2
169*u**8 - 338*u**4*v**2 + 52*u**4 + 169*v**4 - 52*v**2 + 4,8,780.0,250,0.1,2
169*u**8 - 338*u**4*v**2 + 52*u**4 + 169*v**4 - 52*v**2 + 4,8,780.0,500,0.3,1
169*u**8 - 338*u**4*v**2 + 52*u**4 + 169*v**4 - 52*v**2 + 4,8,780.0,750,0.3,1
-4*u + 4*v + 25*w + 48*x**4 + 1,4,81.0,250,0.2,118
-4*u + 4*v + 25*w + 48*x**4 + 1,4,81.0,500,0.1,266
441*u**2 + 2058*u*v + 1176*u*w**3 + 210*u + 2401*v**2 + 2744*v*w**3 + 490*v + 784*w**6 + 280*w**3 + 25,6,10584.0,250,0.2,3
441*u**2 + 2058*u*v + 1176*u*w**3 + 210*u + 2401*v**2 + 2744*v*w**3 + 490*v + 784*w**6 + 280*w**3 + 25,6,10584.0,250,0.15,1
441*u**2 + 2058*u*v + 1176*u*w**3 + 210*u + 2401*v**2 + 2744*v*w**3 + 490*v + 784*w**6 + 280*w**3 + 25,6,10584.0,250,0.1,3
441*u**2 + 2058*u*v + 1176*u*w**3 + 210*u + 2401*v**2 + 2744*v*w**3 + 490*v + 784*w**6 + 280*w**3 + 25,6,10584.0,500,0.3,5
441*u**2 + 2058*u*v + 1176*u*w**3 + 210*u + 2401*v**2 + 2744*v*w**3 + 490*v + 784*w**6 + 280*w**3 + 25,6,10584.0,500,0.25,1
441*u**2 + 2058*u*v + 1176*u*w**3 + 210*u + 2401*v**2 + 2744*v*w**3 + 490*v + 784*w**6 + 280*w**3 + 25,6,10584.0,500,0.2,3
441*u**2 + 2058*u*v + 1176*u*w**3 + 210*u + 2401*v**2 + 2744*v*w**3 + 490*v + 784*w**6 + 280*w**3 + 25,6,10584.0,500,0.15,3
441*u**2 + 2058*u*v + 1176*u*w**3 + 210*u + 2401*v**2 + 2744*v*w**3 + 490*v + 784*w**6 + 280*w**3 + 25,6,10584.0,500,0.1,2
441*u**2 + 2058*u*v + 1176*u*w**3 + 210*u + 2401*v**2 + 2744*v*w**3 + 490*v + 784*w**6 + 280*w**3 + 25,6,10584.0,750,0.25,2
441*u**2 + 2058*u*v + 1176*u*w**3 + 210*u + 2401*v**2 + 2744*v*w**3 + 490*v + 784*w**6 + 280*w**3 + 25,6,10584.0,750,0.2,4
441*u**2 + 2058*u*v + 1176*u*w**3 + 210*u + 2401*v**2 + 2744*v*w**3 + 490*v + 784*w**6 + 280*w**3 + 25,6,10584.0,750,0.15,1
441*u**2 + 2058*u*v + 1176*u*w**3 + 210*u + 2401*v**2 + 2744*v*w**3 + 490*v + 784*w**6 + 280*w**3 + 25,6,10584.0,1000,0.3,1
441*u**2 + 2058*u*v + 1176*u*w**3 + 210*u + 2401*v**2 + 2744*v*w**3 + 490*v + 784*w**6 + 280*w**3 + 25,6,10584.0,1000,0.2,6
441*u**2 + 2058*u*v + 1176*u*w**3 + 210*u + 2401*v**2 + 2744*v*w**3 + 490*v + 784*w**6 + 280*w**3 + 25,6,10584.0,1000,0.1,5
17*u**4 - 7*v**4 + 5,4,24.0,250,0.3,3
17*u**4 - 7*v**4 + 5,4,24.0,250,0.15,5
17*u**4 - 7*v**4 + 5,4,24.0,250,0.1,7
17*u**4 - 7*v**4 + 5,4,24.0,500,0.15,7
17*u**4 - 7*v**4 + 5,4,24.0,750,0.3,9
17*u**4 - 7*v**4 + 5,4,24.0,750,0.2,3
17*u**4 - 7*v**4 + 5,4,24.0,750,0.1,9
17*u**4 - 7*v**4 + 5,4,24.0,1000,0.3,5
17*u**4 - 7*v**4 + 5,4,24.0,1000,0.2,11
17*u**4 - 7*v**4 + 5,4,24.0,1000,0.15,15
-5*u**3 - 19*v**2 - 3,3,24.0,250,0.3,38
-5*u**3 - 19*v**2 - 3,3,24.0,250,0.25,51
-5*u**3 - 19*v**2 - 3,3,24.0,250,0.2,59
-5*u**3 - 19*v**2 - 3,3,24.0,250,0.15,60
-5*u**3 - 19*v**2 - 3,3,24.0,250,0.1,71
-5*u**3 - 19*v**2 - 3,3,24.0,500,0.3,48
-5*u**3 - 19*v**2 - 3,3,24.0,500,0.25,58
-5*u**3 - 19*v**2 - 3,3,24.0,500,0.2,65
-5*u**3 - 19*v**2 - 3,3,24.0,500,0.15,72
-5*u**3 - 19*v**2 - 3,3,24.0,500,0.1,102
-5*u**3 - 19*v**2 - 3,3,24.0,750,0.3,38
-5*u**3 - 19*v**2 - 3,3,24.0,750,0.25,50
-5*u**3 - 19*v**2 - 3,3,24.0,750,0.2,75
-5*u**3 - 19*v**2 - 3,3,24.0,750,0.15,79
-5*u**3 - 19*v**2 - 3,3,24.0,750,0.1,110
-5*u**3 - 19*v**2 - 3,3,24.0,1000,0.3,39
-5*u**3 - 19*v**2 - 3,3,24.0,1000,0.25,56
-5*u**3 - 19*v**2 - 3,3,24.0,1000,0.2,63
-5*u**3 - 19*v**2 - 3,3,24.0,1000,0.15,76
-5*u**3 - 19*v**2 - 3,3,24.0,1000,0.1,118
-45*u**4 - 46*v**4 - 5*w**4 - 13*x**2 + 4,4,109.0,250,0.3,25
-45*u**4 - 46*v**4 - 5*w**4 - 13*x**2 + 4,4,109.0,250,0.25,40
-45*u**4 - 46*v**4 - 5*w**4 - 13*x**2 + 4,4,109.0,250,0.2,75
-45*u**4 - 46*v**4 - 5*w**4 - 13*x**2 + 4,4,109.0,250,0.15,148
-45*u**4 - 46*v**4 - 5*w**4 - 13*x**2 + 4,4,109.0,250,0.1,210
-45*u**4 - 46*v**4 - 5*w**4 - 13*x**2 + 4,4,109.0,500,0.3,5
-45*u**4 - 46*v**4 - 5*w**4 - 13*x**2 + 4,4,109.0,500,0.25,15
-45*u**4 - 46*v**4 - 5*w**4 - 13*x**2 + 4,4,109.0,500,0.2,73
-45*u**4 - 46*v**4 - 5*w**4 - 13*x**2 + 4,4,109.0,500,0.15,185
-45*u**4 - 46*v**4 - 5*w**4 - 13*x**2 + 4,4,109.0,500,0.1,372
-45*u**4 - 46*v**4 - 5*w**4 - 13*x**2 + 4,4,109.0,750,0.25,5
-45*u**4 - 46*v**4 - 5*w**4 - 13*x**2 + 4,4,109.0,750,0.2,37
-45*u**4 - 46*v**4 - 5*w**4 - 13*x**2 + 4,4,109.0,750,0.15,160
-45*u**4 - 46*v**4 - 5*w**4 - 13*x**2 + 4,4,109.0,1000,0.3,1
-45*u**4 - 46*v**4 - 5*w**4 - 13*x**2 + 4,4,109.0,1000,0.25,11
-45*u**4 - 46*v**4 - 5*w**4 - 13*x**2 + 4,4,109.0,1000,0.2,41
-45*u**4 - 46*v**4 - 5*w**4 - 13*x**2 + 4,4,109.0,1000,0.15,155
-45*u**4 - 46*v**4 - 5*w**4 - 13*x**2 + 4,4,109.0,1000,0.1,520
6*u**4 + 30*v**4 + 15*w**2 - 5,4,51.0,250,0.3,1
6*u**4 + 30*v**4 + 15*w**2 - 5,4,51.0,250,0.25,1
6*u**4 + 30*v**4 + 15*w**2 - 5,4,51.0,250,0.2,11
6*u**4 + 30*v**4 + 15*w**2 - 5,4,51.0,250,0.15,37
6*u**4 + 30*v**4 + 15*w**2 - 5,4,51.0,250,0.1,80
6*u**4 + 30*v**4 + 15*w**2 - 5,4,51.0,500,0.3,1
6*u**4 + 30*v**4 + 15*w**2 - 5,4,51.0,500,0.25,1
6*u**4 + 30*v**4 + 15*w**2 - 5,4,51.0,500,0.2,5
6*u**4 + 30*v**4 + 15*w**2 - 5,4,51.0,500,0.15,13
6*u**4 + 30*v**4 + 15*w**2 - 5,4,51.0,500,0.1,73
6*u**4 + 30*v**4 + 15*w**2 - 5,4,51.0,750,0.3,1
6*u**4 + 30*v**4 + 15*w**2 - 5,4,51.0,750,0.25,1
6*u**4 + 30*v**4 + 15*w**2 - 5,4,51.0,750,0.2,1
6*u**4 + 30*v**4 + 15*w**2 - 5,4,51.0,750,0.15,3
6*u**4 + 30*v**4 + 15*w**2 - 5,4,51.0,750,0.1,51
6*u**4 + 30*v**4 + 15*w**2 - 5,4,51.0,1000,0.3,1
6*u**4 + 30*v**4 + 15*w**2 - 5,4,51.0,1000,0.25,1
6*u**4 + 30*v**4 + 15*w**2 - 5,4,51.0,1000,0.2,1
6*u**4 + 30*v**4 + 15*w**2 - 5,4,51.0,1000,0.15,3
6*u**4 + 30*v**4 + 15*w**2 - 5,4,51.0,1000,0.1,29
64*u**4 - 400*u**2*v**3 - 80*u**2 + 625*v**6 + 250*v**3 + 25,6,1419.0,250,0.3,2
64*u**4 - 400*u**2*v**3 - 80*u**2 + 625*v**6 + 250*v**3 + 25,6,1419.0,250,0.25,2
64*u**4 - 400*u**2*v**3 - 80*u**2 + 625*v**6 + 250*v**3 + 25,6,1419.0,250,0.2,2
64*u**4 - 400*u**2*v**3 - 80*u**2 + 625*v**6 + 250*v**3 + 25,6,1419.0,250,0.15,1
64*u**4 - 400*u**2*v**3 - 80*u**2 + 625*v**6 + 250*v**3 + 25,6,1419.0,250,0.1,2
64*u**4 - 400*u**2*v**3 - 80*u**2 + 625*v**6 + 250*v**3 + 25,6,1419.0,500,0.25,1
64*u**4 - 400*u**2*v**3 - 80*u**2 + 625*v**6 + 250*v**3 + 25,6,1419.0,500,0.2,3
64*u**4 - 400*u**2*v**3 - 80*u**2 + 625*v**6 + 250*v**3 + 25,6,1419.0,500,0.15,3
64*u**4 - 400*u**2*v**3 - 80*u**2 + 625*v**6 + 250*v**3 + 25,6,1419.0,500,0.1,2
64*u**4 - 400*u**2*v**3 - 80*u**2 + 625*v**6 + 250*v**3 + 25,6,1419.0,750,0.25,2
64*u**4 - 400*u**2*v**3 - 80*u**2 + 625*v**6 + 250*v**3 + 25,6,1419.0,750,0.2,2
64*u**4 - 400*u**2*v**3 - 80*u**2 + 625*v**6 + 250*v**3 + 25,6,1419.0,750,0.15,1
64*u**4 - 400*u**2*v**3 - 80*u**2 + 625*v**6 + 250*v**3 + 25,6,1419.0,1000,0.3,1
64*u**4 - 400*u**2*v**3 - 80*u**2 + 625*v**6 + 250*v**3 + 25,6,1419.0,1000,0.25,2
64*u**4 - 400*u**2*v**3 - 80*u**2 + 625*v**6 + 250*v**3 + 25,6,1419.0,1000,0.1,3
-24*u**4 - 16*v + 3,4,40.0,250,0.3,18
-24*u**4 - 16*v + 3,4,40.0,250,0.25,18
-24*u**4 - 16*v + 3,4,40.0,250,0.2,22
-24*u**4 - 16*v + 3,4,40.0,250,0.15,21
-24*u**4 - 16*v + 3,4,40.0,250,0.1,17
-24*u**4 - 16*v + 3,4,40.0,500,0.3,22
-24*u**4 - 16*v + 3,4,40.0,500,0.25,19
-24*u**4 - 16*v + 3,4,40.0,500,0.2,17
-24*u**4 - 16*v + 3,4,40.0,500,0.15,28
-24*u**4 - 16*v + 3,4,40.0,500,0.1,26
-24*u**4 - 16*v + 3,4,40.0,750,0.25,23
-24*u**4 - 16*v + 3,4,40.0,750,0.2,37
-24*u**4 - 16*v + 3,4,40.0,750,0.15,39
-24*u**4 - 16*v + 3,4,40.0,750,0.1,46
-24*u**4 - 16*v + 3,4,40.0,1000,0.3,32
-24*u**4 - 16*v + 3,4,40.0,1000,0.25,33
-24*u**4 - 16*v + 3,4,40.0,1000,0.2,34
-24*u**4 - 16*v + 3,4,40.0,1000,0.15,40
-24*u**4 - 16*v + 3,4,40.0,1000,0.1,48
100*u**4 - 700*u**2*v**4 - 880*u**2*w**2 + 60*u**2 + 1225*v**8 + 3080*v**4*w**2 - 210*v**4 + 1936*w**4 - 264*w**2 + 9,8,8455.0,250,0.3,1
100*u**4 - 700*u**2*v**4 - 880*u**2*w**2 + 60*u**2 + 1225*v**8 + 3080*v**4*w**2 - 210*v**4 + 1936*w**4 - 264*w**2 + 9,8,8455.0,250,0.25,1
100*u**4 - 700*u**2*v**4 - 880*u**2*w**2 + 60*u**2 + 1225*v**8 + 3080*v**4*w**2 - 210*v**4 + 1936*w**4 - 264*w**2 + 9,8,8455.0,250,0.2,1
100*u**4 - 700*u**2*v**4 - 880*u**2*w**2 + 60*u**2 + 1225*v**8 + 3080*v**4*w**2 - 210*v**4 + 1936*w**4 - 264*w**2 + 9,8,8455.0,250,0.15,1
100*u**4 - 700*u**2*v**4 - 880*u**2*w**2 + 60*u**2 + 1225*v**8 + 3080*v**4*w**2 - 210*v**4 + 1936*w**4 - 264*w**2 + 9,8,8455.0,250,0.1,3
100*u**4 - 700*u**2*v**4 - 880*u**2*w**2 + 60*u**2 + 1225*v**8 + 3080*v**4*w**2 - 210*v**4 + 1936*w**4 - 264*w**2 + 9,8,8455.0,500,0.3,1
100*u**4 - 700*u**2*v**4 - 880*u**2*w**2 + 60*u**2 + 1225*v**8 + 3080*v**4*w**2 - 210*v**4 + 1936*w**4 - 264*w**2 + 9,8,8455.0,500,0.25,1
100*u**4 - 700*u**2*v**4 - 880*u**2*w**2 + 60*u**2 + 1225*v**8 + 3080*v**4*w**2 - 210*v**4 + 1936*w**4 - 264*w**2 + 9,8,8455.0,500,0.2,1
100*u**4 - 700*u**2*v**4 - 880*u**2*w**2 + 60*u**2 + 1225*v**8 + 3080*v**4*w**2 - 210*v**4 + 1936*w**4 - 264*w**2 + 9,8,8455.0,500,0.15,6
100*u**4 - 700*u**2*v**4 - 880*u**2*w**2 + 60*u**2 + 1225*v**8 + 3080*v**4*w**2 - 210*v**4 + 1936*w**4 - 264*w**2 + 9,8,8455.0,500,0.1,1
100*u**4 - 700*u**2*v**4 - 880*u**2*w**2 + 60*u**2 + 1225*v**8 + 3080*v**4*w**2 - 210*v**4 + 1936*w**4 - 264*w**2 + 9,8,8455.0,750,0.3,3
100*u**4 - 700*u**2*v**4 - 880*u**2*w**2 + 60*u**2 + 1225*v**8 + 3080*v**4*w**2 - 210*v**4 + 1936*w**4 - 264*w**2 + 9,8,8455.0,750,0.2,3
100*u**4 - 700*u**2*v**4 - 880*u**2*w**2 + 60*u**2 + 1225*v**8 + 3080*v**4*w**2 - 210*v**4 + 1936*w**4 - 264*w**2 + 9,8,8455.0,750,0.15,3
100*u**4 - 700*u**2*v**4 - 880*u**2*w**2 + 60*u**2 + 1225*v**8 + 3080*v**4*w**2 - 210*v**4 + 1936*w**4 - 264*w**2 + 9,8,8455.0,750,0.1,3
100*u**4 - 700*u**2*v**4 - 880*u**2*w**2 + 60*u**2 + 1225*v**8 + 3080*v**4*w**2 - 210*v**4 + 1936*w**4 - 264*w**2 + 9,8,8455.0,1000,0.3,1
100*u**4 - 700*u**2*v**4 - 880*u**2*w**2 + 60*u**2 + 1225*v**8 + 3080*v**4*w**2 - 210*v**4 + 1936*w**4 - 264*w**2 + 9,8,8455.0,1000,0.25,1
100*u**4 - 700*u**2*v**4 - 880*u**2*w**2 + 60*u**2 + 1225*v**8 + 3080*v**4*w**2 - 210*v**4 + 1936*w**4 - 264*w**2 + 9,8,8455.0,1000,0.2,1
100*u**4 - 700*u**2*v**4 - 880*u**2*w**2 + 60*u**2 + 1225*v**8 + 3080*v**4*w**2 - 210*v**4 + 1936*w**4 - 264*w**2 + 9,8,8455.0,1000,0.15,2
11*u**4 + 32*v**2 - 3,4,43.0,250,0.3,1
11*u**4 + 32*v**2 - 3,4,43.0,250,0.2,1
11*u**4 + 32*v**2 - 3,4,43.0,250,0.15,1
11*u**4 + 32*v**2 - 3,4,43.0,250,0.1,1
11*u**4 + 32*v**2 - 3,4,43.0,500,0.3,1
11*u**4 + 32*v**2 - 3,4,43.0,500,0.25,1
11*u**4 + 32*v**2 - 3,4,43.0,500,0.2,1
11*u**4 + 32*v**2 - 3,4,43.0,500,0.15,1
11*u**4 + 32*v**2 - 3,4,43.0,500,0.1,1
11*u**4 + 32*v**2 - 3,4,43.0,750,0.3,1
11*u**4 + 32*v**2 - 3,4,43.0,750,0.25,1
11*u**4 + 32*v**2 - 3,4,43.0,750,0.2,1
11*u**4 + 32*v**2 - 3,4,43.0,750,0.15,1
11*u**4 + 32*v**2 - 3,4,43.0,750,0.1,1
11*u**4 + 32*v**2 - 3,4,43.0,1000,0.3,1
11*u**4 + 32*v**2 - 3,4,43.0,1000,0.25,1
11*u**4 + 32*v**2 - 3,4,43.0,1000,0.2,1
11*u**4 + 32*v**2 - 3,4,43.0,1000,0.15,1
16*u**6 - 208*u**3*v**4 + 72*u**3*w + 40*u**3*x**2 + 24*u**3 + 676*v**8 - 468*v**4*w - 260*v**4*x**2 - 156*v**4 + 81*w**2 + 90*w*x**2 + 54*w + 25*x**4 + 30*x**2 + 9,8,2200.0,250,0.3,1
16*u**6 - 208*u**3*v**4 + 72*u**3*w + 40*u**3*x**2 + 24*u**3 + 676*v**8 - 468*v**4*w - 260*v**4*x**2 - 156*v**4 + 81*w**2 + 90*w*x**2 + 54*w + 25*x**4 + 30*x**2 + 9,8,2200.0,250,0.25,1
16*u**6 - 208*u**3*v**4 + 72*u**3*w + 40*u**3*x**2 + 24*u**3 + 676*v**8 - 468*v**4*w - 260*v**4*x**2 - 156*v**4 + 81*w**2 + 90*w*x**2 + 54*w + 25*x**4 + 30*x**2 + 9,8,2200.0,250,0.2,1
16*u**6 - 208*u**3*v**4 + 72*u**3*w + 40*u**3*x**2 + 24*u**3 + 676*v**8 - 468*v**4*w - 260*v**4*x**2 - 156*v**4 + 81*w**2 + 90*w*x**2 + 54*w + 25*x**4 + 30*x**2 + 9,8,2200.0,250,0.15,4
16*u**6 - 208*u**3*v**4 + 72*u**3*w + 40*u**3*x**2 + 24*u**3 + 676*v**8 - 468*v**4*w - 260*v**4*x**2 - 156*v**4 + 81*w**2 + 90*w*x**2 + 54*w + 25*x**4 + 30*x**2 + 9,8,2200.0,250,0.1,3
16*u**6 - 208*u**3*v**4 + 72*u**3*w + 40*u**3*x**2 + 24*u**3 + 676*v**8 - 468*v**4*w - 260*v**4*x**2 - 156*v**4 + 81*w**2 + 90*w*x**2 + 54*w + 25*x**4 + 30*x**2 + 9,8,2200.0,500,0.3,7
16*u**6 - 208*u**3*v**4 + 72*u**3*w + 40*u**3*x**2 + 24*u**3 + 676*v**8 - 468*v**4*w - 260*v**4*x**2 - 156*v**4 + 81*w**2 + 90*w*x**2 + 54*w + 25*x**4 + 30*x**2 + 9,8,2200.0,500,0.25,4
16*u**6 - 208*u**3*v**4 + 72*u**3*w + 40*u**3*x**2 + 24*u**3 + 676*v**8 - 468*v**4*w - 260*v**4*x**2 - 156*v**4 + 81*w**2 + 90*w*x**2 + 54*w + 25*x**4 + 30*x**2 + 9,8,2200.0,500,0.2,3
16*u**6 - 208*u**3*v**4 + 72*u**3*w + 40*u**3*x**2 + 24*u**3 + 676*v**8 - 468*v**4*w - 260*v**4*x**2 - 156*v**4 + 81*w**2 + 90*w*x**2 + 54*w + 25*x**4 + 30*x**2 + 9,8,2200.0,500,0.15,8
16*u**6 - 208*u**3*v**4 + 72*u**3*w + 40*u**3*x**2 + 24*u**3 + 676*v**8 - 468*v**4*w - 260*v**4*x**2 - 156*v**4 + 81*w**2 + 90*w*x**2 + 54*w + 25*x**4 + 30*x**2 + 9,8,2200.0,500,0.1,3
16*u**6 - 208*u**3*v**4 + 72*u**3*w + 40*u**3*x**2 + 24*u**3 + 676*v**8 - 468*v**4*w - 260*v**4*x**2 - 156*v**4 + 81*w**2 + 90*w*x**2 + 54*w + 25*x**4 + 30*x**2 + 9,8,2200.0,750,0.3,3
16*u**6 - 208*u**3*v**4 + 72*u**3*w + 40*u**3*x**2 + 24*u**3 + 676*v**8 - 468*v**4*w - 260*v**4*x**2 - 156*v**4 + 81*w**2 + 90*w*x**2 + 54*w + 25*x**4 + 30*x**2 + 9,8,2200.0,750,0.25,4
16*u**6 - 208*u**3*v**4 + 72*u**3*w + 40*u**3*x**2 + 24*u**3 + 676*v**8 - 468*v**4*w - 260*v**4*x**2 - 156*v**4 + 81*w**2 + 90*w*x**2 + 54*w + 25*x**4 + 30*x**2 + 9,8,2200.0,750,0.2,6
16*u**6 - 208*u**3*v**4 + 72*u**3*w + 40*u**3*x**2 + 24*u**3 + 676*v**8 - 468*v**4*w - 260*v**4*x**2 - 156*v**4 + 81*w**2 + 90*w*x**2 + 54*w + 25*x**4 + 30*x**2 + 9,8,2200.0,750,0.15,2
16*u**6 - 208*u**3*v**4 + 72*u**3*w + 40*u**3*x**2 + 24*u**3 + 676*v**8 - 468*v**4*w - 260*v**4*x**2 - 156*v**4 + 81*w**2 + 90*w*x**2 + 54*w + 25*x**4 + 30*x**2 + 9,8,2200.0,750,0.1,7
16*u**6 - 208*u**3*v**4 + 72*u**3*w + 40*u**3*x**2 + 24*u**3 + 676*v**8 - 468*v**4*w - 260*v**4*x**2 - 156*v**4 + 81*w**2 + 90*w*x**2 + 54*w + 25*x**4 + 30*x**2 + 9,8,2200.0,1000,0.3,2
16*u**6 - 208*u**3*v**4 + 72*u**3*w + 40*u**3*x**2 + 24*u**3 + 676*v**8 - 468*v**4*w - 260*v**4*x**2 - 156*v**4 + 81*w**2 + 90*w*x**2 + 54*w + 25*x**4 + 30*x**2 + 9,8,2200.0,1000,0.25,5
16*u**6 - 208*u**3*v**4 + 72*u**3*w + 40*u**3*x**2 + 24*u**3 + 676*v**8 - 468*v**4*w - 260*v**4*x**2 - 156*v**4 + 81*w**2 + 90*w*x**2 + 54*w + 25*x**4 + 30*x**2 + 9,8,2200.0,1000,0.15,2
16*u**6 - 208*u**3*v**4 + 72*u**3*w + 40*u**3*x**2 + 24*u**3 + 676*v**8 - 468*v**4*w - 260*v**4*x**2 - 156*v**4 + 81*w**2 + 90*w*x**2 + 54*w + 25*x**4 + 30*x**2 + 9,8,2200.0,1000,0.1,3
37*u**4 - v**2 - 27*w**3 - 3,4,65.0,250,0.3,54
37*u**4 - v**2 - 27*w**3 - 3,4,65.0,250,0.25,62
37*u**4 - v**2 - 27*w**3 - 3,4,65.0,250,0.2,67
37*u**4 - v**2 - 27*w**3 - 3,4,65.0,250,0.15,105
37*u**4 - v**2 - 27*w**3 - 3,4,65.0,250,0.1,140
37*u**4 - v**2 - 27*w**3 - 3,4,65.0,500,0.3,104
37*u**4 - v**2 - 27*w**3 - 3,4,65.0,500,0.25,112
37*u**4 - v**2 - 27*w**3 - 3,4,65.0,500,0.2,132
37*u**4 - v**2 - 27*w**3 - 3,4,65.0,500,0.15,153
37*u**4 - v**2 - 27*w**3 - 3,4,65.0,500,0.1,191
37*u**4 - v**2 - 27*w**3 - 3,4,65.0,750,0.2,171
37*u**4 - v**2 - 27*w**3 - 3,4,65.0,750,0.15,175
37*u**4 - v**2 - 27*w**3 - 3,4,65.0,750,0.1,242
37*u**4 - v**2 - 27*w**3 - 3,4,65.0,1000,0.3,195
37*u**4 - v**2 - 27*w**3 - 3,4,65.0,1000,0.2,230
37*u**4 - v**2 - 27*w**3 - 3,4,65.0,1000,0.15,253
37*u**4 - v**2 - 27*w**3 - 3,4,65.0,1000,0.1,306
33*u**4 - 45*v**4 + 15*w + 4,4,93.0,250,0.3,37
-42*u**4 - 8*v**3 - 3,4,50.0,250,0.3,35
1681*u**6 + 3116*u**3*v**3 - 82*u**3 + 1444*v**6 - 76*v**3 + 1,6,6399.0,250,0.3,1
1681*u**6 + 3116*u**3*v**3 - 82*u**3 + 1444*v**6 - 76*v**3 + 1,6,6399.0,250,0.25,1
1681*u**6 + 3116*u**3*v**3 - 82*u**3 + 1444*v**6 - 76*v**3 + 1,6,6399.0,250,0.2,1
1681*u**6 + 3116*u**3*v**3 - 82*u**3 + 1444*v**6 - 76*v**3 + 1,6,6399.0,250,0.15,1
1681*u**6 + 3116*u**3*v**3 - 82*u**3 + 1444*v**6 - 76*v**3 + 1,6,6399.0,250,0.1,1
1681*u**6 + 3116*u**3*v**3 - 82*u**3 + 1444*v**6 - 76*v**3 + 1,6,6399.0,500,0.3,1
1681*u**6 + 3116*u**3*v**3 - 82*u**3 + 1444*v**6 - 76*v**3 + 1,6,6399.0,500,0.25,1
1681*u**6 + 3116*u**3*v**3 - 82*u**3 + 1444*v**6 - 76*v**3 + 1,6,6399.0,500,0.2,1
1681*u**6 + 3116*u**3*v**3 - 82*u**3 + 1444*v**6 - 76*v**3 + 1,6,6399.0,500,0.15,1
1681*u**6 + 3116*u**3*v**3 - 82*u**3 + 1444*v**6 - 76*v**3 + 1,6,6399.0,500,0.1,2
1681*u**6 + 3116*u**3*v**3 - 82*u**3 + 1444*v**6 - 76*v**3 + 1,6,6399.0,750,0.3,1
1681*u**6 + 3116*u**3*v**3 - 82*u**3 + 1444*v**6 - 76*v**3 + 1,6,6399.0,750,0.25,1
1681*u**6 + 3116*u**3*v**3 - 82*u**3 + 1444*v**6 - 76*v**3 + 1,6,6399.0,750,0.2,1
1681*u**6 + 3116*u**3*v**3 - 82*u**3 + 1444*v**6 - 76*v**3 + 1,6,6399.0,750,0.15,1
1681*u**6 + 3116*u**3*v**3 - 82*u**3 + 1444*v**6 - 76*v**3 + 1,6,6399.0,750,0.1,3
1681*u**6 + 3116*u**3*v**3 - 82*u**3 + 1444*v**6 - 76*v**3 + 1,6,6399.0,1000,0.3,1
1681*u**6 + 3116*u**3*v**3 - 82*u**3 + 1444*v**6 - 76*v**3 + 1,6,6399.0,1000,0.2,1
1681*u**6 + 3116*u**3*v**3 - 82*u**3 + 1444*v**6 - 76*v**3 + 1,6,6399.0,1000,0.15,1
1681*u**6 + 3116*u**3*v**3 - 82*u**3 + 1444*v**6 - 76*v**3 + 1,6,6399.0,1000,0.1,2
-20*u - 41*v**2 + 24*w**3 - 22*x**2 + 4,3,107.0,250,0.25,98
-20*u - 41*v**2 + 24*w**3 - 22*x**2 + 4,3,107.0,250,0.2,110
-20*u - 41*v**2 + 24*w**3 - 22*x**2 + 4,3,107.0,250,0.15,139
-20*u - 41*v**2 + 24*w**3 - 22*x**2 + 4,3,107.0,250,0.1,162
-20*u - 41*v**2 + 24*w**3 - 22*x**2 + 4,3,107.0,500,0.3,174
-20*u - 41*v**2 + 24*w**3 - 22*x**2 + 4,3,107.0,500,0.15,238
-20*u - 41*v**2 + 24*w**3 - 22*x**2 + 4,3,107.0,500,0.1,285
-20*u - 41*v**2 + 24*w**3 - 22*x**2 + 4,3,107.0,750,0.25,253
-20*u - 41*v**2 + 24*w**3 - 22*x**2 + 4,3,107.0,750,0.15,314
-20*u - 41*v**2 + 24*w**3 - 22*x**2 + 4,3,107.0,750,0.1,406
1681*u**6 + 574*u**3*v**3 + 246*u**3 + 49*v**6 + 42*v**3 + 9,6,2592.0,250,0.3,1
1681*u**6 + 574*u**3*v**3 + 246*u**3 + 49*v**6 + 42*v**3 + 9,6,2592.0,250,0.25,1
1681*u**6 + 574*u**3*v**3 + 246*u**3 + 49*v**6 + 42*v**3 + 9,6,2592.0,250,0.2,1
1681*u**6 + 574*u**3*v**3 + 246*u**3 + 49*v**6 + 42*v**3 + 9,6,2592.0,250,0.15,1
1681*u**6 + 574*u**3*v**3 + 246*u**3 + 49*v**6 + 42*v**3 + 9,6,2592.0,250,0.1,1
1681*u**6 + 574*u**3*v**3 + 246*u**3 + 49*v**6 + 42*v**3 + 9,6,2592.0,500,0.3,1
1681*u**6 + 574*u**3*v**3 + 246*u**3 + 49*v**6 + 42*v**3 + 9,6,2592.0,500,0.25,1
1681*u**6 + 574*u**3*v**3 + 246*u**3 + 49*v**6 + 42*v**3 + 9,6,2592.0,500,0.1,2
1681*u**6 + 574*u**3*v**3 + 246*u**3 + 49*v**6 + 42*v**3 + 9,6,2592.0,750,0.3,1
1681*u**6 + 574*u**3*v**3 + 246*u**3 + 49*v**6 + 42*v**3 + 9,6,2592.0,750,0.25,1
1681*u**6 + 574*u**3*v**3 + 246*u**3 + 49*v**6 + 42*v**3 + 9,6,2592.0,750,0.2,1
1681*u**6 + 574*u**3*v**3 + 246*u**3 + 49*v**6 + 42*v**3 + 9,6,2592.0,1000,0.3,1
1681*u**6 + 574*u**3*v**3 + 246*u**3 + 49*v**6 + 42*v**3 + 9,6,2592.0,1000,0.25,2
1681*u**6 + 574*u**3*v**3 + 246*u**3 + 49*v**6 + 42*v**3 + 9,6,2592.0,1000,0.2,2
31*u**3 - v**4 + 36*w**2 + 4,4,68.0,250,0.3,172
31*u**3 - v**4 + 36*w**2 + 4,4,68.0,250,0.25,172
31*u**3 - v**4 + 36*w**2 + 4,4,68.0,250,0.2,185
31*u**3 - v**4 + 36*w**2 + 4,4,68.0,250,0.15,202
31*u**3 - v**4 + 36*w**2 + 4,4,68.0,500,0.25,321
31*u**3 - v**4 + 36*w**2 + 4,4,68.0,500,0.2,337
31*u**3 - v**4 + 36*w**2 + 4,4,68.0,500,0.15,405
31*u**3 - v**4 + 36*w**2 + 4,4,68.0,500,0.1,395
31*u**3 - v**4 + 36*w**2 + 4,4,68.0,750,0.3,418
31*u**3 - v**4 + 36*w**2 + 4,4,68.0,750,0.25,455
31*u**3 - v**4 + 36*w**2 + 4,4,68.0,750,0.15,516
31*u**3 - v**4 + 36*w**2 + 4,4,68.0,750,0.1,573
31*u**3 - v**4 + 36*w**2 + 4,4,68.0,1000,0.3,506
31*u**3 - v**4 + 36*w**2 + 4,4,68.0,1000,0.15,656
31*u**3 - v**4 + 36*w**2 + 4,4,68.0,1000,0.1,743
1849*u**6 - 1118*u**3*v - 1978*u**3*w**2 - 1978*u**3*x**2 - 172*u**3 + 169*v**2 + 598*v*w**2 + 598*v*x**2 + 52*v + 529*w**4 + 1058*w**2*x**2 + 92*w**2 + 529*x**4 + 92*x**2 + 4,6,10812.0,250,0.3,2
1849*u**6 - 1118*u**3*v - 1978*u**3*w**2 - 1978*u**3*x**2 - 172*u**3 + 169*v**2 + 598*v*w**2 + 598*v*x**2 + 52*v + 529*w**4 + 1058*w**2*x**2 + 92*w**2 + 529*x**4 + 92*x**2 + 4,6,10812.0,250,0.25,2
1849*u**6 - 1118*u**3*v - 1978*u**3*w**2 - 1978*u**3*x**2 - 172*u**3 + 169*v**2 + 598*v*w**2 + 598*v*x**2 + 52*v + 529*w**4 + 1058*w**2*x**2 + 92*w**2 + 529*x**4 + 92*x**2 + 4,6,10812.0,250,0.2,3
1849*u**6 - 1118*u**3*v - 1978*u**3*w**2 - 1978*u**3*x**2 - 172*u**3 + 169*v**2 + 598*v*w**2 + 598*v*x**2 + 52*v + 529*w**4 + 1058*w**2*x**2 + 92*w**2 + 529*x**4 + 92*x**2 + 4,6,10812.0,250,0.15,1
1849*u**6 - 1118*u**3*v - 1978*u**3*w**2 - 1978*u**3*x**2 - 172*u**3 + 169*v**2 + 598*v*w**2 + 598*v*x**2 + 52*v + 529*w**4 + 1058*w**2*x**2 + 92*w**2 + 529*x**4 + 92*x**2 + 4,6,10812.0,500,0.3,2
1849*u**6 - 1118*u**3*v - 1978*u**3*w**2 - 1978*u**3*x**2 - 172*u**3 + 169*v**2 + 598*v*w**2 + 598*v*x**2 + 52*v + 529*w**4 + 1058*w**2*x**2 + 92*w**2 + 529*x**4 + 92*x**2 + 4,6,10812.0,500,0.25,1
1849*u**6 - 1118*u**3*v - 1978*u**3*w**2 - 1978*u**3*x**2 - 172*u**3 + 169*v**2 + 598*v*w**2 + 598*v*x**2 + 52*v + 529*w**4 + 1058*w**2*x**2 + 92*w**2 + 529*x**4 + 92*x**2 + 4,6,10812.0,500,0.2,1
1849*u**6 - 1118*u**3*v - 1978*u**3*w**2 - 1978*u**3*x**2 - 172*u**3 + 169*v**2 + 598*v*w**2 + 598*v*x**2 + 52*v + 529*w**4 + 1058*w**2*x**2 + 92*w**2 + 529*x**4 + 92*x**2 + 4,6,10812.0,500,0.15,7
1849*u**6 - 1118*u**3*v - 1978*u**3*w**2 - 1978*u**3*x**2 - 172*u**3 + 169*v**2 + 598*v*w**2 + 598*v*x**2 + 52*v + 529*w**4 + 1058*w**2*x**2 + 92*w**2 + 529*x**4 + 92*x**2 + 4,6,10812.0,500,0.1,6
1849*u**6 - 1118*u**3*v - 1978*u**3*w**2 - 1978*u**3*x**2 - 172*u**3 + 169*v**2 + 598*v*w**2 + 598*v*x**2 + 52*v + 529*w**4 + 1058*w**2*x**2 + 92*w**2 + 529*x**4 + 92*x**2 + 4,6,10812.0,750,0.15,3
1849*u**6 - 1118*u**3*v - 1978*u**3*w**2 - 1978*u**3*x**2 - 172*u**3 + 169*v**2 + 598*v*w**2 + 598*v*x**2 + 52*v + 529*w**4 + 1058*w**2*x**2 + 92*w**2 + 529*x**4 + 92*x**2 + 4,6,10812.0,750,0.1,5
1849*u**6 - 1118*u**3*v - 1978*u**3*w**2 - 1978*u**3*x**2 - 172*u**3 + 169*v**2 + 598*v*w**2 + 598*v*x**2 + 52*v + 529*w**4 + 1058*w**2*x**2 + 92*w**2 + 529*x**4 + 92*x**2 + 4,6,10812.0,1000,0.25,6
1849*u**6 - 1118*u**3*v - 1978*u**3*w**2 - 1978*u**3*x**2 - 172*u**3 + 169*v**2 + 598*v*w**2 + 598*v*x**2 + 52*v + 529*w**4 + 1058*w**2*x**2 + 92*w**2 + 529*x**4 + 92*x**2 + 4,6,10812.0,1000,0.15,8
1849*u**6 - 1118*u**3*v - 1978*u**3*w**2 - 1978*u**3*x**2 - 172*u**3 + 169*v**2 + 598*v*w**2 + 598*v*x**2 + 52*v + 529*w**4 + 1058*w**2*x**2 + 92*w**2 + 529*x**4 + 92*x**2 + 4,6,10812.0,1000,0.1,5
37*u**3 - 30*v**3 + w - 4,3,68.0,250,0.3,22
37*u**3 - 30*v**3 + w - 4,3,68.0,250,0.25,19
37*u**3 - 30*v**3 + w - 4,3,68.0,250,0.2,33
37*u**3 - 30*v**3 + w - 4,3,68.0,250,0.15,37
37*u**3 - 30*v**3 + w - 4,3,68.0,500,0.25,28
37*u**3 - 30*v**3 + w - 4,3,68.0,500,0.2,38
37*u**3 - 30*v**3 + w - 4,3,68.0,500,0.15,45
37*u**3 - 30*v**3 + w - 4,3,68.0,500,0.1,70
37*u**3 - 30*v**3 + w - 4,3,68.0,750,0.3,25
37*u**3 - 30*v**3 + w - 4,3,68.0,750,0.25,39
37*u**3 - 30*v**3 + w - 4,3,68.0,750,0.2,46
37*u**3 - 30*v**3 + w - 4,3,68.0,750,0.15,60
37*u**3 - 30*v**3 + w - 4,3,68.0,1000,0.25,35
37*u**3 - 30*v**3 + w - 4,3,68.0,1000,0.15,82
37*u**3 - 30*v**3 + w - 4,3,68.0,1000,0.1,98
47*u**4 - 50*v**2 + w**2 + 30*x**2 + 5,4,128.0,250,0.3,121
36*u**4 - 9*v - 33*w**4 - 37*x - 5,4,115.0,250,0.25,106
36*u**4 - 9*v - 33*w**4 - 37*x - 5,4,115.0,250,0.15,149
36*u**4 - 9*v - 33*w**4 - 37*x - 5,4,115.0,250,0.1,164
36*u**4 - 9*v - 33*w**4 - 37*x - 5,4,115.0,500,0.2,240
36*u**4 - 9*v - 33*w**4 - 37*x - 5,4,115.0,500,0.15,275
20*u**2 + 9*v**3 - 38*w**3 - 25*x**4 + 2,4,92.0,250,0.3,137
20*u**2 + 9*v**3 - 38*w**3 - 25*x**4 + 2,4,92.0,250,0.25,160
20*u**2 + 9*v**3 - 38*w**3 - 25*x**4 + 2,4,92.0,250,0.2,174
20*u**2 + 9*v**3 - 38*w**3 - 25*x**4 + 2,4,92.0,250,0.15,209
20*u**2 + 9*v**3 - 38*w**3 - 25*x**4 + 2,4,92.0,250,0.1,231
20*u**2 + 9*v**3 - 38*w**3 - 25*x**4 + 2,4,92.0,500,0.3,272
20*u**2 + 9*v**3 - 38*w**3 - 25*x**4 + 2,4,92.0,500,0.25,287
20*u**2 + 9*v**3 - 38*w**3 - 25*x**4 + 2,4,92.0,500,0.2,320
20*u**2 + 9*v**3 - 38*w**3 - 25*x**4 + 2,4,92.0,500,0.15,373
20*u**2 + 9*v**3 - 38*w**3 - 25*x**4 + 2,4,92.0,500,0.1,461
20*u**2 + 9*v**3 - 38*w**3 - 25*x**4 + 2,4,92.0,750,0.3,350
20*u**2 + 9*v**3 - 38*w**3 - 25*x**4 + 2,4,92.0,750,0.25,395
20*u**2 + 9*v**3 - 38*w**3 - 25*x**4 + 2,4,92.0,750,0.2,444
20*u**2 + 9*v**3 - 38*w**3 - 25*x**4 + 2,4,92.0,750,0.15,540
20*u**2 + 9*v**3 - 38*w**3 - 25*x**4 + 2,4,92.0,1000,0.3,484
20*u**2 + 9*v**3 - 38*w**3 - 25*x**4 + 2,4,92.0,1000,0.2,568
20*u**2 + 9*v**3 - 38*w**3 - 25*x**4 + 2,4,92.0,1000,0.15,638
20*u**2 + 9*v**3 - 38*w**3 - 25*x**4 + 2,4,92.0,1000,0.1,822
144*u**4 - 72*u**2*v + 360*u**2*w - 120*u**2 + 9*v**2 - 90*v*w + 30*v + 225*w**2 - 150*w + 25,4,1200.0,250,0.3,1
144*u**4 - 72*u**2*v + 360*u**2*w - 120*u**2 + 9*v**2 - 90*v*w + 30*v + 225*w**2 - 150*w + 25,4,1200.0,250,0.25,1
144*u**4 - 72*u**2*v + 360*u**2*w - 120*u**2 + 9*v**2 - 90*v*w + 30*v + 225*w**2 - 150*w + 25,4,1200.0,250,0.2,2
144*u**4 - 72*u**2*v + 360*u**2*w - 120*u**2 + 9*v**2 - 90*v*w + 30*v + 225*w**2 - 150*w + 25,4,1200.0,250,0.15,1
144*u**4 - 72*u**2*v + 360*u**2*w - 120*u**2 + 9*v**2 - 90*v*w + 30*v + 225*w**2 - 150*w + 25,4,1200.0,250,0.1,1
144*u**4 - 72*u**2*v + 360*u**2*w - 120*u**2 + 9*v**2 - 90*v*w + 30*v + 225*w**2 - 150*w + 25,4,1200.0,500,0.3,1
144*u**4 - 72*u**2*v + 360*u**2*w - 120*u**2 + 9*v**2 - 90*v*w + 30*v + 225*w**2 - 150*w + 25,4,1200.0,500,0.25,2
144*u**4 - 72*u**2*v + 360*u**2*w - 120*u**2 + 9*v**2 - 90*v*w + 30*v + 225*w**2 - 150*w + 25,4,1200.0,500,0.2,2
144*u**4 - 72*u**2*v + 360*u**2*w - 120*u**2 + 9*v**2 - 90*v*w + 30*v + 225*w**2 - 150*w + 25,4,1200.0,500,0.15,1
144*u**4 - 72*u**2*v + 360*u**2*w - 120*u**2 + 9*v**2 - 90*v*w + 30*v + 225*w**2 - 150*w + 25,4,1200.0,500,0.1,3
144*u**4 - 72*u**2*v + 360*u**2*w - 120*u**2 + 9*v**2 - 90*v*w + 30*v + 225*w**2 - 150*w + 25,4,1200.0,750,0.3,1
144*u**4 - 72*u**2*v + 360*u**2*w - 120*u**2 + 9*v**2 - 90*v*w + 30*v + 225*w**2 - 150*w + 25,4,1200.0,750,0.25,1
144*u**4 - 72*u**2*v + 360*u**2*w - 120*u**2 + 9*v**2 - 90*v*w + 30*v + 225*w**2 - 150*w + 25,4,1200.0,750,0.2,2
144*u**4 - 72*u**2*v + 360*u**2*w - 120*u**2 + 9*v**2 - 90*v*w + 30*v + 225*w**2 - 150*w + 25,4,1200.0,1000,0.3,2
144*u**4 - 72*u**2*v + 360*u**2*w - 120*u**2 + 9*v**2 - 90*v*w + 30*v + 225*w**2 - 150*w + 25,4,1200.0,1000,0.25,5
144*u**4 - 72*u**2*v + 360*u**2*w - 120*u**2 + 9*v**2 - 90*v*w + 30*v + 225*w**2 - 150*w + 25,4,1200.0,1000,0.15,1
676*u**2 + 2080*u*v**4 + 104*u + 1600*v**8 + 160*v**4 + 4,8,4620.0,250,0.3,1
676*u**2 + 2080*u*v**4 + 104*u + 1600*v**8 + 160*v**4 + 4,8,4620.0,250,0.2,1
676*u**2 + 2080*u*v**4 + 104*u + 1600*v**8 + 160*v**4 + 4,8,4620.0,250,0.15,2
676*u**2 + 2080*u*v**4 + 104*u + 1600*v**8 + 160*v**4 + 4,8,4620.0,500,0.25,3
676*u**2 + 2080*u*v**4 + 104*u + 1600*v**8 + 160*v**4 + 4,8,4620.0,500,0.2,1
676*u**2 + 2080*u*v**4 + 104*u + 1600*v**8 + 160*v**4 + 4,8,4620.0,750,0.15,3
-28*u**3 - 15*v - 3,3,43.0,250,0.1,29
21*u**4 - 16*v**2 + 2,4,37.0,250,0.1,60
28*u**4 - 4*v**2 - 50*w**3 + 43*x**3 + 5,4,125.0,250,0.3,120
28*u**4 - 4*v**2 - 50*w**3 + 43*x**3 + 5,4,125.0,250,0.25,115
28*u**4 - 4*v**2 - 50*w**3 + 43*x**3 + 5,4,125.0,250,0.15,187
28*u**4 - 4*v**2 - 50*w**3 + 43*x**3 + 5,4,125.0,250,0.1,227
28*u**4 - 4*v**2 - 50*w**3 + 43*x**3 + 5,4,125.0,500,0.2,265
28*u**4 - 4*v**2 - 50*w**3 + 43*x**3 + 5,4,125.0,500,0.15,322
28*u**4 - 4*v**2 - 50*w**3 + 43*x**3 + 5,4,125.0,750,0.3,314
28*u**4 - 4*v**2 - 50*w**3 + 43*x**3 + 5,4,125.0,750,0.1,569
28*u**4 - 4*v**2 - 50*w**3 + 43*x**3 + 5,4,125.0,1000,0.3,418
1369*u**6 + 888*u**3*v**4 + 592*u**3*w**3 - 148*u**3 + 144*v**8 + 192*v**4*w**3 - 48*v**4 + 64*w**6 - 32*w**3 + 4,8,3477.0,250,0.3,2
1369*u**6 + 888*u**3*v**4 + 592*u**3*w**3 - 148*u**3 + 144*v**8 + 192*v**4*w**3 - 48*v**4 + 64*w**6 - 32*w**3 + 4,8,3477.0,250,0.25,2
1369*u**6 + 888*u**3*v**4 + 592*u**3*w**3 - 148*u**3 + 144*v**8 + 192*v**4*w**3 - 48*v**4 + 64*w**6 - 32*w**3 + 4,8,3477.0,250,0.2,1
1369*u**6 + 888*u**3*v**4 + 592*u**3*w**3 - 148*u**3 + 144*v**8 + 192*v**4*w**3 - 48*v**4 + 64*w**6 - 32*w**3 + 4,8,3477.0,250,0.15,3
1369*u**6 + 888*u**3*v**4 + 592*u**3*w**3 - 148*u**3 + 144*v**8 + 192*v**4*w**3 - 48*v**4 + 64*w**6 - 32*w**3 + 4,8,3477.0,250,0.1,1
1369*u**6 + 888*u**3*v**4 + 592*u**3*w**3 - 148*u**3 + 144*v**8 + 192*v**4*w**3 - 48*v**4 + 64*w**6 - 32*w**3 + 4,8,3477.0,500,0.3,4
1369*u**6 + 888*u**3*v**4 + 592*u**3*w**3 - 148*u**3 + 144*v**8 + 192*v**4*w**3 - 48*v**4 + 64*w**6 - 32*w**3 + 4,8,3477.0,500,0.25,2
1369*u**6 + 888*u**3*v**4 + 592*u**3*w**3 - 148*u**3 + 144*v**8 + 192*v**4*w**3 - 48*v**4 + 64*w**6 - 32*w**3 + 4,8,3477.0,500,0.2,2
1369*u**6 + 888*u**3*v**4 + 592*u**3*w**3 - 148*u**3 + 144*v**8 + 192*v**4*w**3 - 48*v**4 + 64*w**6 - 32*w**3 + 4,8,3477.0,750,0.15,5
1369*u**6 + 888*u**3*v**4 + 592*u**3*w**3 - 148*u**3 + 144*v**8 + 192*v**4*w**3 - 48*v**4 + 64*w**6 - 32*w**3 + 4,8,3477.0,1000,0.3,7
1369*u**6 + 888*u**3*v**4 + 592*u**3*w**3 - 148*u**3 + 144*v**8 + 192*v**4*w**3 - 48*v**4 + 64*w**6 - 32*w**3 + 4,8,3477.0,1000,0.15,2
1369*u**6 + 888*u**3*v**4 + 592*u**3*w**3 - 148*u**3 + 144*v**8 + 192*v**4*w**3 - 48*v**4 + 64*w**6 - 32*w**3 + 4,8,3477.0,1000,0.1,7
14*u**4 - 23*v**4 - 4,4,37.0,250,0.3,3
14*u**4 - 23*v**4 - 4,4,37.0,250,0.2,6
14*u**4 - 23*v**4 - 4,4,37.0,250,0.15,5
14*u**4 - 23*v**4 - 4,4,37.0,250,0.1,1
14*u**4 - 23*v**4 - 4,4,37.0,500,0.3,3
14*u**4 - 23*v**4 - 4,4,37.0,500,0.25,7
14*u**4 - 23*v**4 - 4,4,37.0,500,0.2,1
14*u**4 - 23*v**4 - 4,4,37.0,500,0.15,5
14*u**4 - 23*v**4 - 4,4,37.0,500,0.1,13
14*u**4 - 23*v**4 - 4,4,37.0,750,0.3,9
14*u**4 - 23*v**4 - 4,4,37.0,750,0.25,5
14*u**4 - 23*v**4 - 4,4,37.0,750,0.2,5
14*u**4 - 23*v**4 - 4,4,37.0,750,0.15,13
14*u**4 - 23*v**4 - 4,4,37.0,1000,0.3,5
14*u**4 - 23*v**4 - 4,4,37.0,1000,0.25,9
14*u**4 - 23*v**4 - 4,4,37.0,1000,0.15,5
14*u**4 - 23*v**4 - 4,4,37.0,1000,0.1,7
20*u - 17*v**2 + 1,2,37.0,250,0.3,26
20*u - 17*v**2 + 1,2,37.0,250,0.25,24
20*u - 17*v**2 + 1,2,37.0,250,0.2,21
20*u - 17*v**2 + 1,2,37.0,250,0.15,29
20*u - 17*v**2 + 1,2,37.0,250,0.1,35
20*u - 17*v**2 + 1,2,37.0,500,0.3,26
20*u - 17*v**2 + 1,2,37.0,500,0.25,37
20*u - 17*v**2 + 1,2,37.0,500,0.2,39
20*u - 17*v**2 + 1,2,37.0,500,0.1,57
20*u - 17*v**2 + 1,2,37.0,750,0.3,27
20*u - 17*v**2 + 1,2,37.0,750,0.1,63
20*u - 17*v**2 + 1,2,37.0,1000,0.25,41
20*u - 17*v**2 + 1,2,37.0,1000,0.2,51
20*u - 17*v**2 + 1,2,37.0,1000,0.15,54
20*u - 17*v**2 + 1,2,37.0,1000,0.1,80
1936*u**6 + 3520*u**3*v**3 + 3960*u**3*w**4 + 2640*u**3*x - 352*u**3 + 1600*v**6 + 3600*v**3*w**4 + 2400*v**3*x - 320*v**3 + 2025*w**8 + 2700*w**4*x - 360*w**4 + 900*x**2 - 240*x + 16,8,26553.0,250,0.25,3
1936*u**6 + 3520*u**3*v**3 + 3960*u**3*w**4 + 2640*u**3*x - 352*u**3 + 1600*v**6 + 3600*v**3*w**4 + 2400*v**3*x - 320*v**3 + 2025*w**8 + 2700*w**4*x - 360*w**4 + 900*x**2 - 240*x + 16,8,26553.0,250,0.15,4
1936*u**6 + 3520*u**3*v**3 + 3960*u**3*w**4 + 2640*u**3*x - 352*u**3 + 1600*v**6 + 3600*v**3*w**4 + 2400*v**3*x - 320*v**3 + 2025*w**8 + 2700*w**4*x - 360*w**4 + 900*x**2 - 240*x + 16,8,26553.0,250,0.1,4
1936*u**6 + 3520*u**3*v**3 + 3960*u**3*w**4 + 2640*u**3*x - 352*u**3 + 1600*v**6 + 3600*v**3*w**4 + 2400*v**3*x - 320*v**3 + 2025*w**8 + 2700*w**4*x - 360*w**4 + 900*x**2 - 240*x + 16,8,26553.0,500,0.3,4
1936*u**6 + 3520*u**3*v**3 + 3960*u**3*w**4 + 2640*u**3*x - 352*u**3 + 1600*v**6 + 3600*v**3*w**4 + 2400*v**3*x - 320*v**3 + 2025*w**8 + 2700*w**4*x - 360*w**4 + 900*x**2 - 240*x + 16,8,26553.0,500,0.25,10
1936*u**6 + 3520*u**3*v**3 + 3960*u**3*w**4 + 2640*u**3*x - 352*u**3 + 1600*v**6 + 3600*v**3*w**4 + 2400*v**3*x - 320*v**3 + 2025*w**8 + 2700*w**4*x - 360*w**4 + 900*x**2 - 240*x + 16,8,26553.0,500,0.15,5
1936*u**6 + 3520*u**3*v**3 + 3960*u**3*w**4 + 2640*u**3*x - 352*u**3 + 1600*v**6 + 3600*v**3*w**4 + 2400*v**3*x - 320*v**3 + 2025*w**8 + 2700*w**4*x - 360*w**4 + 900*x**2 - 240*x + 16,8,26553.0,500,0.1,7
1936*u**6 + 3520*u**3*v**3 + 3960*u**3*w**4 + 2640*u**3*x - 352*u**3 + 1600*v**6 + 3600*v**3*w**4 + 2400*v**3*x - 320*v**3 + 2025*w**8 + 2700*w**4*x - 360*w**4 + 900*x**2 - 240*x + 16,8,26553.0,750,0.3,7
1936*u**6 + 3520*u**3*v**3 + 3960*u**3*w**4 + 2640*u**3*x - 352*u**3 + 1600*v**6 + 3600*v**3*w**4 + 2400*v**3*x - 320*v**3 + 2025*w**8 + 2700*w**4*x - 360*w**4 + 900*x**2 - 240*x + 16,8,26553.0,750,0.2,7
1936*u**6 + 3520*u**3*v**3 + 3960*u**3*w**4 + 2640*u**3*x - 352*u**3 + 1600*v**6 + 3600*v**3*w**4 + 2400*v**3*x - 320*v**3 + 2025*w**8 + 2700*w**4*x - 360*w**4 + 900*x**2 - 240*x + 16,8,26553.0,1000,0.3,5
1936*u**6 + 3520*u**3*v**3 + 3960*u**3*w**4 + 2640*u**3*x - 352*u**3 + 1600*v**6 + 3600*v**3*w**4 + 2400*v**3*x - 320*v**3 + 2025*w**8 + 2700*w**4*x - 360*w**4 + 900*x**2 - 240*x + 16,8,26553.0,1000,0.25,8
1936*u**6 + 3520*u**3*v**3 + 3960*u**3*w**4 + 2640*u**3*x - 352*u**3 + 1600*v**6 + 3600*v**3*w**4 + 2400*v**3*x - 320*v**3 + 2025*w**8 + 2700*w**4*x - 360*w**4 + 900*x**2 - 240*x + 16,8,26553.0,1000,0.2,11
1936*u**6 + 3520*u**3*v**3 + 3960*u**3*w**4 + 2640*u**3*x - 352*u**3 + 1600*v**6 + 3600*v**3*w**4 + 2400*v**3*x - 320*v**3 + 2025*w**8 + 2700*w**4*x - 360*w**4 + 900*x**2 - 240*x + 16,8,26553.0,1000,0.15,14
1936*u**6 + 3520*u**3*v**3 + 3960*u**3*w**4 + 2640*u**3*x - 352*u**3 + 1600*v**6 + 3600*v**3*w**4 + 2400*v**3*x - 320*v**3 + 2025*w**8 + 2700*w**4*x - 360*w**4 + 900*x**2 - 240*x + 16,8,26553.0,1000,0.1,15
34*u - 18*v**3 - 18*w**3 - 26*x - 3,3,96.0,250,0.3,114
34*u - 18*v**3 - 18*w**3 - 26*x - 3,3,96.0,250,0.25,128
34*u - 18*v**3 - 18*w**3 - 26*x - 3,3,96.0,250,0.15,137
34*u - 18*v**3 - 18*w**3 - 26*x - 3,3,96.0,500,0.2,249
34*u - 18*v**3 - 18*w**3 - 26*x - 3,3,96.0,500,0.1,293
34*u - 18*v**3 - 18*w**3 - 26*x - 3,3,96.0,750,0.25,295
34*u - 18*v**3 - 18*w**3 - 26*x - 3,3,96.0,750,0.2,345
34*u**4 + 46*v - 41*w**3 - 2,4,121.0,250,0.3,77
34*u**4 + 46*v - 41*w**3 - 2,4,121.0,250,0.25,80
34*u**4 + 46*v - 41*w**3 - 2,4,121.0,250,0.2,82
34*u**4 + 46*v - 41*w**3 - 2,4,121.0,250,0.1,123
34*u**4 + 46*v - 41*w**3 - 2,4,121.0,500,0.2,150
34*u**4 + 46*v - 41*w**3 - 2,4,121.0,500,0.1,235
34*u**4 + 46*v - 41*w**3 - 2,4,121.0,750,0.25,157
34*u**4 + 46*v - 41*w**3 - 2,4,121.0,750,0.2,171
19*u - 9*v**3 + 25*w**3 - 39*x + 2,3,92.0,250,0.3,109
19*u - 9*v**3 + 25*w**3 - 39*x + 2,3,92.0,250,0.2,117
19*u - 9*v**3 + 25*w**3 - 39*x + 2,3,92.0,250,0.15,125
19*u - 9*v**3 + 25*w**3 - 39*x + 2,3,92.0,500,0.2,234
19*u - 9*v**3 + 25*w**3 - 39*x + 2,3,92.0,500,0.1,267
19*u - 9*v**3 + 25*w**3 - 39*x + 2,3,92.0,750,0.2,332
19*u - 9*v**3 + 25*w**3 - 39*x + 2,3,92.0,750,0.15,366
19*u - 9*v**3 + 25*w**3 - 39*x + 2,3,92.0,1000,0.3,357
484*u**4 - 484*u**2*v**4 - 176*u**2 + 121*v**8 + 88*v**4 + 16,8,1353.0,250,0.3,1
484*u**4 - 484*u**2*v**4 - 176*u**2 + 121*v**8 + 88*v**4 + 16,8,1353.0,250,0.25,4
625*u**6 - 1850*u**3*v + 2050*u**3*w**4 - 350*u**3*x**2 - 150*u**3 + 1369*v**2 - 3034*v*w**4 + 518*v*x**2 + 222*v + 1681*w**8 - 574*w**4*x**2 - 246*w**4 + 49*x**4 + 42*x**2 + 9,8,12760.0,250,0.2,3
625*u**6 - 1850*u**3*v + 2050*u**3*w**4 - 350*u**3*x**2 - 150*u**3 + 1369*v**2 - 3034*v*w**4 + 518*v*x**2 + 222*v + 1681*w**8 - 574*w**4*x**2 - 246*w**4 + 49*x**4 + 42*x**2 + 9,8,12760.0,250,0.15,2
625*u**6 - 1850*u**3*v + 2050*u**3*w**4 - 350*u**3*x**2 - 150*u**3 + 1369*v**2 - 3034*v*w**4 + 518*v*x**2 + 222*v + 1681*w**8 - 574*w**4*x**2 - 246*w**4 + 49*x**4 + 42*x**2 + 9,8,12760.0,500,0.3,3
625*u**6 - 1850*u**3*v + 2050*u**3*w**4 - 350*u**3*x**2 - 150*u**3 + 1369*v**2 - 3034*v*w**4 + 518*v*x**2 + 222*v + 1681*w**8 - 574*w**4*x**2 - 246*w**4 + 49*x**4 + 42*x**2 + 9,8,12760.0,500,0.25,5
625*u**6 - 1850*u**3*v + 2050*u**3*w**4 - 350*u**3*x**2 - 150*u**3 + 1369*v**2 - 3034*v*w**4 + 518*v*x**2 + 222*v + 1681*w**8 - 574*w**4*x**2 - 246*w**4 + 49*x**4 + 42*x**2 + 9,8,12760.0,500,0.2,3
625*u**6 - 1850*u**3*v + 2050*u**3*w**4 - 350*u**3*x**2 - 150*u**3 + 1369*v**2 - 3034*v*w**4 + 518*v*x**2 + 222*v + 1681*w**8 - 574*w**4*x**2 - 246*w**4 + 49*x**4 + 42*x**2 + 9,8,12760.0,500,0.15,6
625*u**6 - 1850*u**3*v + 2050*u**3*w**4 - 350*u**3*x**2 - 150*u**3 + 1369*v**2 - 3034*v*w**4 + 518*v*x**2 + 222*v + 1681*w**8 - 574*w**4*x**2 - 246*w**4 + 49*x**4 + 42*x**2 + 9,8,12760.0,500,0.1,3
625*u**6 - 1850*u**3*v + 2050*u**3*w**4 - 350*u**3*x**2 - 150*u**3 + 1369*v**2 - 3034*v*w**4 + 518*v*x**2 + 222*v + 1681*w**8 - 574*w**4*x**2 - 246*w**4 + 49*x**4 + 42*x**2 + 9,8,12760.0,750,0.25,2
625*u**6 - 1850*u**3*v + 2050*u**3*w**4 - 350*u**3*x**2 - 150*u**3 + 1369*v**2 - 3034*v*w**4 + 518*v*x**2 + 222*v + 1681*w**8 - 574*w**4*x**2 - 246*w**4 + 49*x**4 + 42*x**2 + 9,8,12760.0,750,0.2,5
625*u**6 - 1850*u**3*v + 2050*u**3*w**4 - 350*u**3*x**2 - 150*u**3 + 1369*v**2 - 3034*v*w**4 + 518*v*x**2 + 222*v + 1681*w**8 - 574*w**4*x**2 - 246*w**4 + 49*x**4 + 42*x**2 + 9,8,12760.0,750,0.15,6
625*u**6 - 1850*u**3*v + 2050*u**3*w**4 - 350*u**3*x**2 - 150*u**3 + 1369*v**2 - 3034*v*w**4 + 518*v*x**2 + 222*v + 1681*w**8 - 574*w**4*x**2 - 246*w**4 + 49*x**4 + 42*x**2 + 9,8,12760.0,750,0.1,7
625*u**6 - 1850*u**3*v + 2050*u**3*w**4 - 350*u**3*x**2 - 150*u**3 + 1369*v**2 - 3034*v*w**4 + 518*v*x**2 + 222*v + 1681*w**8 - 574*w**4*x**2 - 246*w**4 + 49*x**4 + 42*x**2 + 9,8,12760.0,1000,0.3,5
625*u**6 - 1850*u**3*v + 2050*u**3*w**4 - 350*u**3*x**2 - 150*u**3 + 1369*v**2 - 3034*v*w**4 + 518*v*x**2 + 222*v + 1681*w**8 - 574*w**4*x**2 - 246*w**4 + 49*x**4 + 42*x**2 + 9,8,12760.0,1000,0.25,5
625*u**6 - 1850*u**3*v + 2050*u**3*w**4 - 350*u**3*x**2 - 150*u**3 + 1369*v**2 - 3034*v*w**4 + 518*v*x**2 + 222*v + 1681*w**8 - 574*w**4*x**2 - 246*w**4 + 49*x**4 + 42*x**2 + 9,8,12760.0,1000,0.2,6
625*u**6 - 1850*u**3*v + 2050*u**3*w**4 - 350*u**3*x**2 - 150*u**3 + 1369*v**2 - 3034*v*w**4 + 518*v*x**2 + 222*v + 1681*w**8 - 574*w**4*x**2 - 246*w**4 + 49*x**4 + 42*x**2 + 9,8,12760.0,1000,0.15,7
625*u**6 - 1850*u**3*v + 2050*u**3*w**4 - 350*u**3*x**2 - 150*u**3 + 1369*v**2 - 3034*v*w**4 + 518*v*x**2 + 222*v + 1681*w**8 - 574*w**4*x**2 - 246*w**4 + 49*x**4 + 42*x**2 + 9,8,12760.0,1000,0.1,6
-36*u**3 - 30*v**4 + 48*w**2 - 34*x**2 + 1,4,148.0,250,0.3,111
-36*u**3 - 30*v**4 + 48*w**2 - 34*x**2 + 1,4,148.0,250,0.25,119
-36*u**3 - 30*v**4 + 48*w**2 - 34*x**2 + 1,4,148.0,250,0.2,137
-36*u**3 - 30*v**4 + 48*w**2 - 34*x**2 + 1,4,148.0,250,0.15,164
-36*u**3 - 30*v**4 + 48*w**2 - 34*x**2 + 1,4,148.0,250,0.1,214
-36*u**3 - 30*v**4 + 48*w**2 - 34*x**2 + 1,4,148.0,500,0.25,241
-36*u**3 - 30*v**4 + 48*w**2 - 34*x**2 + 1,4,148.0,500,0.2,277
-36*u**3 - 30*v**4 + 48*w**2 - 34*x**2 + 1,4,148.0,500,0.1,337
-36*u**3 - 30*v**4 + 48*w**2 - 34*x**2 + 1,4,148.0,750,0.3,356
-36*u**3 - 30*v**4 + 48*w**2 - 34*x**2 + 1,4,148.0,750,0.2,390
-36*u**3 - 30*v**4 + 48*w**2 - 34*x**2 + 1,4,148.0,750,0.15,422
-36*u**3 - 30*v**4 + 48*w**2 - 34*x**2 + 1,4,148.0,1000,0.3,405
-36*u**3 - 30*v**4 + 48*w**2 - 34*x**2 + 1,4,148.0,1000,0.25,458
-36*u**3 - 30*v**4 + 48*w**2 - 34*x**2 + 1,4,148.0,1000,0.2,518
-36*u**3 - 30*v**4 + 48*w**2 - 34*x**2 + 1,4,148.0,1000,0.15,551
-36*u**3 - 30*v**4 + 48*w**2 - 34*x**2 + 1,4,148.0,1000,0.1,664
64*u**4 - 448*u**2*v + 672*u**2*w**2 + 304*u**2*x**4 - 16*u**2 + 784*v**2 - 2352*v*w**2 - 1064*v*x**4 + 56*v + 1764*w**4 + 1596*w**2*x**4 - 84*w**2 + 361*x**8 - 38*x**4 + 1,8,9603.0,250,0.3,1
64*u**4 - 448*u**2*v + 672*u**2*w**2 + 304*u**2*x**4 - 16*u**2 + 784*v**2 - 2352*v*w**2 - 1064*v*x**4 + 56*v + 1764*w**4 + 1596*w**2*x**4 - 84*w**2 + 361*x**8 - 38*x**4 + 1,8,9603.0,250,0.25,3
64*u**4 - 448*u**2*v + 672*u**2*w**2 + 304*u**2*x**4 - 16*u**2 + 784*v**2 - 2352*v*w**2 - 1064*v*x**4 + 56*v + 1764*w**4 + 1596*w**2*x**4 - 84*w**2 + 361*x**8 - 38*x**4 + 1,8,9603.0,250,0.2,2
64*u**4 - 448*u**2*v + 672*u**2*w**2 + 304*u**2*x**4 - 16*u**2 + 784*v**2 - 2352*v*w**2 - 1064*v*x**4 + 56*v + 1764*w**4 + 1596*w**2*x**4 - 84*w**2 + 361*x**8 - 38*x**4 + 1,8,9603.0,250,0.15,3
64*u**4 - 448*u**2*v + 672*u**2*w**2 + 304*u**2*x**4 - 16*u**2 + 784*v**2 - 2352*v*w**2 - 1064*v*x**4 + 56*v + 1764*w**4 + 1596*w**2*x**4 - 84*w**2 + 361*x**8 - 38*x**4 + 1,8,9603.0,250,0.1,3
64*u**4 - 448*u**2*v + 672*u**2*w**2 + 304*u**2*x**4 - 16*u**2 + 784*v**2 - 2352*v*w**2 - 1064*v*x**4 + 56*v + 1764*w**4 + 1596*w**2*x**4 - 84*w**2 + 361*x**8 - 38*x**4 + 1,8,9603.0,500,0.3,1
64*u**4 - 448*u**2*v + 672*u**2*w**2 + 304*u**2*x**4 - 16*u**2 + 784*v**2 - 2352*v*w**2 - 1064*v*x**4 + 56*v + 1764*w**4 + 1596*w**2*x**4 - 84*w**2 + 361*x**8 - 38*x**4 + 1,8,9603.0,500,0.25,1
64*u**4 - 448*u**2*v + 672*u**2*w**2 + 304*u**2*x**4 - 16*u**2 + 784*v**2 - 2352*v*w**2 - 1064*v*x**4 + 56*v + 1764*w**4 + 1596*w**2*x**4 - 84*w**2 + 361*x**8 - 38*x**4 + 1,8,9603.0,500,0.1,1
64*u**4 - 448*u**2*v + 672*u**2*w**2 + 304*u**2*x**4 - 16*u**2 + 784*v**2 - 2352*v*w**2 - 1064*v*x**4 + 56*v + 1764*w**4 + 1596*w**2*x**4 - 84*w**2 + 361*x**8 - 38*x**4 + 1,8,9603.0,750,0.3,1
64*u**4 - 448*u**2*v + 672*u**2*w**2 + 304*u**2*x**4 - 16*u**2 + 784*v**2 - 2352*v*w**2 - 1064*v*x**4 + 56*v + 1764*w**4 + 1596*w**2*x**4 - 84*w**2 + 361*x**8 - 38*x**4 + 1,8,9603.0,750,0.2,1
64*u**4 - 448*u**2*v + 672*u**2*w**2 + 304*u**2*x**4 - 16*u**2 + 784*v**2 - 2352*v*w**2 - 1064*v*x**4 + 56*v + 1764*w**4 + 1596*w**2*x**4 - 84*w**2 + 361*x**8 - 38*x**4 + 1,8,9603.0,750,0.15,3
64*u**4 - 448*u**2*v + 672*u**2*w**2 + 304*u**2*x**4 - 16*u**2 + 784*v**2 - 2352*v*w**2 - 1064*v*x**4 + 56*v + 1764*w**4 + 1596*w**2*x**4 - 84*w**2 + 361*x**8 - 38*x**4 + 1,8,9603.0,750,0.1,3
64*u**4 - 448*u**2*v + 672*u**2*w**2 + 304*u**2*x**4 - 16*u**2 + 784*v**2 - 2352*v*w**2 - 1064*v*x**4 + 56*v + 1764*w**4 + 1596*w**2*x**4 - 84*w**2 + 361*x**8 - 38*x**4 + 1,8,9603.0,1000,0.25,1
64*u**4 - 448*u**2*v + 672*u**2*w**2 + 304*u**2*x**4 - 16*u**2 + 784*v**2 - 2352*v*w**2 - 1064*v*x**4 + 56*v + 1764*w**4 + 1596*w**2*x**4 - 84*w**2 + 361*x**8 - 38*x**4 + 1,8,9603.0,1000,0.2,2
-12*u - 7*v**2 + 3,2,19.0,250,0.3,24
-12*u - 7*v**2 + 3,2,19.0,250,0.25,29
-12*u - 7*v**2 + 3,2,19.0,250,0.2,30
-12*u - 7*v**2 + 3,2,19.0,250,0.15,27
-12*u - 7*v**2 + 3,2,19.0,250,0.1,37
-12*u - 7*v**2 + 3,2,19.0,500,0.3,19
-12*u - 7*v**2 + 3,2,19.0,500,0.25,30
-12*u - 7*v**2 + 3,2,19.0,500,0.15,30
-12*u - 7*v**2 + 3,2,19.0,500,0.1,52
-12*u - 7*v**2 + 3,2,19.0,750,0.3,34
-12*u - 7*v**2 + 3,2,19.0,750,0.25,29
-12*u - 7*v**2 + 3,2,19.0,750,0.2,42
-12*u - 7*v**2 + 3,2,19.0,750,0.15,45
-12*u - 7*v**2 + 3,2,19.0,750,0.1,55
-12*u - 7*v**2 + 3,2,19.0,1000,0.25,41
-12*u - 7*v**2 + 3,2,19.0,1000,0.2,34
-12*u - 7*v**2 + 3,2,19.0,1000,0.15,57
729*u**8 + 702*u**4*v**4 + 1998*u**4*w**4 - 972*u**4*x + 162*u**4 + 169*v**8 + 962*v**4*w**4 - 468*v**4*x + 78*v**4 + 1369*w**8 - 1332*w**4*x + 222*w**4 + 324*x**2 - 108*x + 9,8,9595.0,250,0.3,1
729*u**8 + 702*u**4*v**4 + 1998*u**4*w**4 - 972*u**4*x + 162*u**4 + 169*v**8 + 962*v**4*w**4 - 468*v**4*x + 78*v**4 + 1369*w**8 - 1332*w**4*x + 222*w**4 + 324*x**2 - 108*x + 9,8,9595.0,500,0.15,2
-39*u + 43*v**4 + 32*w + 3,4,114.0,250,0.3,62
-39*u + 43*v**4 + 32*w + 3,4,114.0,500,0.1,211
36*u**6 - 372*u**3*v**2 + 60*u**3 + 961*v**4 - 310*v**2 + 25,6,1739.0,250,0.3,2
36*u**6 - 372*u**3*v**2 + 60*u**3 + 961*v**4 - 310*v**2 + 25,6,1739.0,250,0.25,1
36*u**6 - 372*u**3*v**2 + 60*u**3 + 961*v**4 - 310*v**2 + 25,6,1739.0,250,0.2,1
36*u**6 - 372*u**3*v**2 + 60*u**3 + 961*v**4 - 310*v**2 + 25,6,1739.0,250,0.1,3
36*u**6 - 372*u**3*v**2 + 60*u**3 + 961*v**4 - 310*v**2 + 25,6,1739.0,500,0.3,1
36*u**6 - 372*u**3*v**2 + 60*u**3 + 961*v**4 - 310*v**2 + 25,6,1739.0,500,0.25,1
36*u**6 - 372*u**3*v**2 + 60*u**3 + 961*v**4 - 310*v**2 + 25,6,1739.0,500,0.1,1
36*u**6 - 372*u**3*v**2 + 60*u**3 + 961*v**4 - 310*v**2 + 25,6,1739.0,750,0.3,2
36*u**6 - 372*u**3*v**2 + 60*u**3 + 961*v**4 - 310*v**2 + 25,6,1739.0,750,0.25,2
36*u**6 - 372*u**3*v**2 + 60*u**3 + 961*v**4 - 310*v**2 + 25,6,1739.0,750,0.2,1
36*u**6 - 372*u**3*v**2 + 60*u**3 + 961*v**4 - 310*v**2 + 25,6,1739.0,750,0.1,2
36*u**6 - 372*u**3*v**2 + 60*u**3 + 961*v**4 - 310*v**2 + 25,6,1739.0,1000,0.3,2
36*u**6 - 372*u**3*v**2 + 60*u**3 + 961*v**4 - 310*v**2 + 25,6,1739.0,1000,0.25,1
36*u**6 - 372*u**3*v**2 + 60*u**3 + 961*v**4 - 310*v**2 + 25,6,1739.0,1000,0.15,1
36*u**6 - 372*u**3*v**2 + 60*u**3 + 961*v**4 - 310*v**2 + 25,6,1739.0,1000,0.1,3
